tf;av;max
0;23,7;24
1;24,6;27,2
2;49,6;56
3;52,5;56,3
4;53,7;55,5
5;55,3;56,5
6;56,3;56,8
7;56,5;57,1
8;57;57,4
9;57,4;57,8
10;57,7;58,1
11;57,9;58,3
12;58,1;58,5
13;58,2;58,5
14;58,1;58,4
15;58;58,3
16;58,1;58,4
17;58,3;58,5
18;58,3;58,4
19;58,3;58,6
20;58,1;58,4
21;58,1;58,3
22;58,1;58,3
23;58,1;58,4
24;58;58,5
25;57,7;58,3
26;57,8;58,4
27;57,9;58,3
28;58;58,4
29;58,2;58,4
30;58,1;58,3
31;57,9;58,2
32;57,8;58,1
33;57,7;58
34;57,6;57,9
35;57,5;57,8
36;57,3;57,5
37;57,1;57,3
38;56,9;57,1
39;56,5;56,8
40;56,2;56,7
41;56,4;56,7
42;56,1;56,4
43;55,8;56,3
44;56;56,3
45;55,9;56,3
46;55,7;56,1
47;55,7;56,1
48;56;56,4
49;56,1;56,5
50;56,2;56,6
51;56,3;56,6
52;56,5;56,8
53;56,5;56,9
54;56,6;57
55;56,7;57,1
56;56,9;57
57;56,8;57,2
58;56,3;57
59;56,6;57,1
60;56,9;57,3
61;56,9;57,3
62;57;57,3
63;57,1;57,4
64;56,9;57,2
65;57,1;57,4
66;57,4;57,8
67;57,6;57,8
68;57,7;57,9
69;57,7;57,9
70;57,7;58
71;57,6;57,9
72;57,7;57,9
73;57,6;58
74;57,5;57,8
75;57,4;57,7
76;57,4;57,6
77;57,3;57,6
78;57,1;57,3
79;57;57,4
80;57;57,3
81;56,8;57,2
82;56,6;57,1
83;56,1;56,9
84;55,7;56,7
85;55,4;56,4
86;55;56,1
87;54,6;55,9
88;54,3;55,8
89;53,7;55,7
90;53,1;55,4
91;52,9;55,3
92;53,1;55,2
93;53,4;55,2
94;53,7;55
95;54;55
96;53,9;54,9
97;53,8;54,8
98;53,6;54,7
99;53,4;54,7
100;53,4;54,7
101;53,1;54,6
102;53,1;54,6
103;52,9;54,5
104;52,9;54,5
105;52,8;54,4
106;52,8;54,4
107;52,7;54,4
108;52,8;54,3
109,033;52,7;54
110,033;52,6;54
111,033;52,5;53,9
112,033;52,4;53,9
113,033;52,4;53,9
114,033;52,3;53,7
115,033;52,5;53,8
116,033;52,3;53,8
117,033;52,4;53,8
118,033;52,3;53,8
119,033;52,1;53,8
120,033;51,6;53,6
121,033;51,4;53,4
122,033;51,5;53,3
123,033;51,7;53,2
124,033;51,7;53,3
125,033;51,4;53,2
126,033;51,2;53,1
127,033;50,8;53
128,033;50,6;53
129,033;50,4;53
130,033;50,4;53
131,033;50,2;52,9
132,033;49,5;52,7
133,033;49,4;52,2
134,033;49,1;52,1
135,033;49,3;52,1
136,033;49,2;52
137,033;49,3;51,8
138,033;49,1;51,7
139,033;49;51,6
140,033;48,6;51,6
141,033;48,8;51,6
142,033;48,5;51,5
143,033;48,6;51,4
144,033;48,7;51,5
145,033;48,6;51,5
146,033;48,6;51,3
147,033;48,5;51,2
148,033;48,8;51,1
149,033;48,7;51
150,033;48,2;50,9
151,033;48,3;50,9
152,033;48,2;50,8
153,033;48,1;50,8
154,033;48;50,8
155,033;47,8;50,7
156,033;47,8;50,6
157,033;47,8;50,5
158,033;47,6;50,6
159,033;47,5;50,5
160,033;47,4;50,4
161,033;47,3;50,5
162,033;47,2;50,4
163,033;47,2;50,4
164,033;47,3;50,4
165,033;47,2;50,3
166,033;46,9;50,3
167,033;47,2;50,3
168,033;47,1;50,2
169,033;47;50,2
170,033;47,3;50,1
171,033;47,3;50,2
172,033;47;50,2
173,033;46,9;50,2
174,033;46,9;50,1
175,033;47,1;50,1
176,033;47,2;50,1
177,033;47;50,1
178,033;46,8;50
179,033;46,7;50
180,033;46,8;50
181,033;46,7;50
182,033;46,8;50,1
183,033;46,7;50
184,033;46,8;50
185,033;46,4;50
186,033;46,6;49,9
187,033;46,6;49,8
188,033;46,7;49,8
189,033;46,6;49,8
190,033;46,8;49,8
191,033;47;49,8
192,033;47,1;49,8
193,033;46,9;49,7
194,033;46,7;49,7
195,033;46,3;49,6
196,033;46,1;49,6
197,033;46,5;49,6
198,033;46,5;49,6
199,033;46,6;49,6
200,033;46,6;49,6
201,033;46,7;49,6
202,033;46,7;49,5
203,033;46,7;49,5
204,033;46,8;49,5
205,033;46,9;49,5
206,033;46,8;49,5
207,033;46,8;49,5
208,033;46,5;49,5
209,033;46,6;49,4
210,033;46,5;49,4
211,033;46,4;49,4
212,033;46,3;49,4
213,033;46,4;49,4
214,033;46,4;49,4
215,033;46,4;49,4
216,033;46,5;49,3
217,033;46,4;49,3
218,033;46,4;49,3
219,033;46,5;49,2
220,033;46,3;49,2
221,033;46,3;49,2
222,033;46,2;49,2
223,033;45,9;49,2
224,033;45,8;49,2
225,033;45,6;49,2
226,033;45,7;49,2
227,033;45,7;49,1
228,033;46;49,1
229,033;46;49,1
230,033;46;49,1
231,033;46;49,1
232,033;46;49,1
233,033;46,1;49
234,033;46,1;49
235,033;46,1;49
236,033;46,1;49
237,033;45,9;48,9
238,033;45,8;49,1
239,033;45,9;49,3
240,033;46;49,4
241,033;46;49,3
242,033;45,9;49,3
243,033;46;49,2
244,033;45,9;49,1
245,033;45,7;49,1
246,033;45,8;49,3
247,033;45,6;49,3
248,033;45,5;49,3
249,033;45,5;49,2
250,033;45,4;49,2
251,033;45,4;49,1
252,033;45,2;49,1
253,033;45,2;49
254,033;45,3;49
255,033;45,1;49
256,033;45,2;48,9
257,033;45,3;48,8
258,033;45,1;48,7
259,033;45,3;48,7
260,033;45,3;48,6
261,033;45,2;48,7
262,033;45,3;48,7
263,033;45,2;48,8
264,033;45,1;48,8
265,033;45,3;48,7
266,033;45,2;48,7
267,033;45,1;48,7
268,033;45,1;48,6
269,033;45,2;48,6
270,033;45,1;48,6
271,033;45;48,5
272,033;45;48,4
273,033;45,2;48,4
274,033;44,9;48,5
275,033;44,9;48,3
276,033;45;48,4
277,033;45,1;48,4
278,033;45,1;48,3
279,033;44,9;48,3
280,033;44,9;48,3
281,033;44,8;48,1
282,033;44,9;48,1
283,033;44,8;48,1
284,033;44,9;48,1
285,033;44,9;48,1
286,033;44,8;48
287,033;44,6;48
288,033;44,7;48
289,033;44,7;48
290,033;44,6;48
291,033;44,7;48
292,033;44,7;48
293,033;44,8;48
294,033;44,6;48
295,033;44,6;47,9
296,033;44,8;47,8
297,033;44,4;47,7
298,033;44,5;47,7
299,033;44,6;47,7
300,033;44,7;47,7
301,033;44,6;47,7
302,033;44,4;47,7
303,033;44,5;47,7
304,033;44,5;47,7
305,033;44,4;47,6
306,033;44,4;47,6
307,033;44,4;47,5
308,033;44,5;47,5
309,033;44,3;47,6
310,033;44,3;47,5
311,033;44,2;47,5
312,033;44,3;47,4
313,033;44,3;47,4
314,033;44,4;47,4
315,033;44,3;47,3
316,033;44,4;47,3
317,033;44,2;47,3
318,033;44,3;47,3
319,033;44,2;47,2
320,033;44,2;47,2
321,033;44,2;47,2
322,033;44,2;47,2
323,033;44,1;47,2
324,033;44,2;47,2
325,033;44;47,2
326,033;44,1;47,2
327,033;44,2;47,2
328,033;44,2;47,2
329,033;44,2;47,1
330,033;44,1;47,1
331,033;43,9;47,1
332,033;44;47,1
333,033;44,1;47,1
334,033;44;47
335,033;44,1;47
336,033;44,1;47,1
337,033;44,1;47
338,033;44;47
339,033;44;47
340,033;44,1;47
341,033;43,9;47
342,033;43,8;47
343,033;43,8;46,9
344,033;43,8;46,8
345,033;43,9;46,9
346,033;43,8;46,9
347,033;43,9;46,8
348,033;43,9;46,9
349,033;44;46,8
350,033;43,9;46,8
351,033;43,9;46,8
352,033;43,8;46,8
353,033;43,6;46,8
354,033;43,7;46,7
355,033;43,7;46,7
356,033;43,8;46,6
357,033;43,7;46,6
358,033;43,8;46,6
359,033;43,7;46,6
360,033;43,8;46,5
361,033;43,5;46,5
362,033;43,6;46,5
363,033;43,8;46,4
364,067;43,7;46,5
365,067;43,7;46,4
366,067;43,6;46,4
367,067;43,5;46,4
368,067;43,6;46,4
369,067;43,7;46,4
370,067;43,6;46,3
371,067;43,6;46,3
372,067;43,6;46,3
373,067;43,6;46,2
374,067;43,6;46,2
375,067;43,7;46,2
376,067;43,6;46,2
377,067;43,6;46,2
378,1;43,6;46,1
379,1;43,6;46,1
380,1;43,6;46,1
381,1;43,6;46,1
382,1;43,6;46,1
383,1;43,5;46
384,1;43,4;46
385,1;43,5;46
386,1;43,5;46
387,1;43,4;45,9
388,1;43,2;46
389,1;43,2;45,9
390,1;43,3;45,9
391,1;43,2;45,9
392,1;43,2;45,9
393,1;43,1;45,8
394,133;43,3;45,8
395,133;43,2;45,8
396,133;43,2;45,7
397,133;43,1;45,7
398,133;43,1;45,7
399,133;43,2;45,7
400,133;43,1;45,7
401,133;43,2;45,7
402,133;43,2;45,6
403,133;43;45,6
404,133;43;45,6
405,133;43,1;45,6
406,133;43,1;45,6
407,133;43,2;45,6
408,133;43,2;45,5
409,133;43,1;45,5
410,133;43,1;45,5
411,133;43,1;45,5
412,133;43;45,4
413,133;42,8;45,4
414,133;42,8;45,4
415,133;42,8;45,4
416,133;42,9;45,4
417,133;42,7;45,4
418,133;42,7;45,3
419,133;42,8;45,3
420,133;42,7;45,3
421,133;42,7;45,3
422,133;42,7;45,3
423,133;42,7;45,2
424,133;42,7;45,3
425,133;42,8;45,2
426,133;42,9;45,2
427,133;42,9;45,2
428,133;42,9;45,2
429,133;42,8;45,2
430,133;42,8;45,2
431,133;42,7;45,2
432,133;42,8;45,2
433,133;42,7;45,1
434,133;42,7;45,1
435,133;42,7;45,1
436,133;42,7;45,1
437,133;42,7;45
438,133;42,7;45,1
439,133;42,8;45,1
440,133;42,7;45
441,133;42,7;45
442,133;42,7;45
443,133;42,7;45
444,133;42,7;45
445,133;42,6;44,9
446,133;42,6;44,9
447,133;42,6;44,9
448,133;42,6;44,9
449,133;42,6;44,9
450,133;42,6;44,9
451,166;42,6;44,8
452,166;42,6;44,8
453,166;42,6;44,8
454,166;42,6;44,7
455,166;42,5;44,8
456,166;42,6;44,7
457,166;42,6;44,8
458,166;42,6;44,7
459,166;42,5;44,7
460,166;42,6;44,7
461,166;42,6;44,7
462,166;42,5;44,7
463,166;42,4;44,6
464,166;42,4;44,6
465,166;42,4;44,6
466,166;42,5;44,6
467,166;42,4;44,5
468,166;42,3;44,5
469,166;42,4;44,5
470,166;42,5;44,5
471,166;42,4;44,5
472,166;42,5;44,5
473,166;42,4;44,4
474,166;42,5;44,4
475,166;42,5;44,4
476,166;42,4;44,4
477,166;42,4;44,4
478,166;42,3;44,4
479,166;42,3;44,3
480,166;42,2;44,3
481,166;42,3;44,3
482,166;42,3;44,3
483,166;42,4;44,3
484,166;42,3;44,3
485,166;42,3;44,3
486,166;42,2;44,3
487,166;42,3;44,2
488,166;42,3;44,3
489,166;42,3;44,3
490,166;42,2;44,2
491,166;42,2;44,2
492,166;42,2;44,2
493,166;42,2;44,2
494,166;42,1;44,2
495,166;42,1;44,2
496,166;42,1;44,1
497,166;42,1;44,2
498,166;42,2;44,1
499,166;42,1;44,1
500,166;42,1;44
501,166;42,1;44
502,166;42,1;44,1
503,166;42,1;44
504,166;42,1;44
505,166;42,1;44
506,166;42,1;44
507,166;42;43,9
508,166;42,1;44
509,166;42;43,9
510,166;42;43,9
511,166;42;43,9
512,166;41,9;43,9
513,166;42;43,9
514,166;42;44
515,166;42;43,9
516,166;42;43,9
517,166;41,9;43,9
518,166;41,9;43,8
519,166;41,8;43,8
520,166;41,9;43,8
521,166;41,9;43,8
522,166;41,9;43,8
523,166;41,9;43,8
524,166;41,9;43,8
525,166;41,8;43,7
526,166;41,8;43,7
527,166;41,8;43,7
528,166;41,8;43,7
529,2;41,7;43,7
530,2;41,8;43,6
531,2;41,9;43,6
532,2;41,7;43,6
533,2;41,8;43,7
534,233;41,8;43,6
535,233;41,7;43,6
536,233;41,7;43,6
537,233;41,7;43,5
538,233;41,7;43,5
539,233;41,7;43,5
540,233;41,7;43,5
541,233;41,7;43,4
542,233;41,7;43,4
543,233;41,6;43,5
544,233;41,7;43,5
545,233;41,6;43,4
546,233;41,6;43,4
547,233;41,6;43,4
548,233;41,5;43,4
549,233;41,5;43,4
550,233;41,4;43,4
551,233;41,4;43,4
552,233;41,5;43,4
553,233;41,6;43,3
554,233;41,6;43,3
555,233;41,6;43,3
556,233;41,5;43,4
557,233;41,5;43,3
558,233;41,6;43,3
559,233;41,6;43,3
560,233;41,5;43,2
561,233;41,4;43,2
562,233;41,4;43,3
563,233;41,4;43,2
564,233;41,4;43,2
565,233;41,5;43,2
566,233;41,3;43,2
567,233;41,4;43,2
568,233;41,3;43,2
569,233;41,4;43,2
570,233;41,4;43,2
571,233;41,4;43,2
572,233;41,3;43,1
573,233;41,4;43,1
574,233;41,5;43,1
575,233;41,4;43,1
576,233;41,3;43,1
577,233;41,3;43
578,266;41,3;43,1
579,266;41,3;43,1
580,266;41,4;43
581,266;41,3;43
582,266;41,3;43
583,266;41,3;43
584,266;41,3;43
585,266;41,4;43,1
586,266;41,3;43
587,266;41,3;43
588,266;41,3;42,9
589,266;41,2;42,9
590,266;41,2;42,9
591,266;41,2;42,9
592,266;41,2;42,9
593,266;41,2;42,9
594,266;41,2;42,9
595,266;41,2;42,9
596,266;41,1;42,9
597,266;41,1;42,9
598,266;41;42,9
599,266;41;42,8
600,266;41;42,8
601,266;41,1;42,8
602,266;41,1;42,8
603,266;41,1;42,8
604,266;41,1;42,8
605,266;41,1;42,7
606,266;41,1;42,8
607,266;41,1;42,7
608,266;41,1;42,7
609,266;41;42,6
610,266;41,1;42,6
611,266;41,1;42,7
612,266;41;42,6
613,266;41;42,6
614,266;41;42,6
615,266;40,9;42,6
616,266;41;42,6
617,266;40,9;42,7
618,266;41;42,7
619,266;40,9;42,6
620,266;41;42,6
621,266;40,9;42,6
622,266;40,9;42,6
623,266;41;42,5
624,266;41;42,6
625,266;41;42,6
626,266;41;42,6
627,266;40,9;42,5
628,266;40,9;42,5
629,266;40,9;42,5
630,266;40,9;42,4
631,266;40,9;42,4
632,266;40,8;42,4
633,266;40,8;42,5
634,266;40,7;42,4
635,266;40,8;42,4
636,266;40,8;42,4
637,266;40,7;42,4
638,266;40,7;42,4
639,266;40,7;42,4
640,266;40,7;42,4
641,266;40,7;42,4
642,266;40,7;42,4
643,266;40,7;42,4
644,266;40,6;42,4
645,266;40,6;42,3
646,266;40,5;42,3
647,266;40,6;42,3
648,266;40,6;42,4
649,266;40,6;42,3
650,266;40,6;42,3
651,266;40,5;42,3
652,266;40,5;42,3
653,266;40,6;42,2
654,266;40,6;42,2
655,266;40,5;42,2
656,266;40,6;42,2
657,266;40,6;42,1
658,266;40,6;42,2
659,266;40,5;42,1
660,266;40,6;42,1
661,266;40,6;42,1
662,266;40,5;42,1
663,266;40,5;42,1
664,266;40,6;42,1
665,266;40,5;42,1
666,266;40,6;42,1
667,266;40,5;42,1
668,266;40,5;42
669,266;40,5;42,1
670,266;40,5;42,1
671,266;40,5;42,1
672,266;40,5;42,1
673,266;40,5;42,1
674,266;40,5;42
675,266;40,5;42,1
676,266;40,6;42,1
677,266;40,6;42
678,266;40,5;42
679,266;40,5;42
680,266;40,5;41,9
681,266;40,4;42
682,266;40,5;41,9
683,266;40,5;42
684,266;40,5;41,9
685,266;40,5;41,9
686,266;40,5;41,9
687,266;40,4;41,9
688,266;40,3;41,9
689,266;40,3;41,9
690,266;40,3;41,9
691,266;40,4;41,9
692,266;40,4;41,9
693,266;40,4;41,9
694,266;40,3;41,8
695,266;40,3;41,8
696,266;40,3;41,8
697,266;40,3;41,8
698,266;40,2;41,9
699,266;40,2;41,8
700,266;40,3;41,8
701,3;40,3;41,7
702,3;40,2;41,8
703,3;40,2;41,7
704,3;40,3;41,7
705,3;40,2;41,7
706,333;40,2;41,7
707,333;40,1;41,6
708,333;40,2;41,7
709,333;40,2;41,6
710,333;40,2;41,7
711,333;40,2;41,7
712,333;40,2;41,7
713,333;40,2;41,6
714,333;40,2;41,7
715,333;40,1;41,6
716,333;40,1;41,6
717,333;40,1;41,6
718,333;40,1;41,6
719,333;40,1;41,6
720,333;40,1;41,6
721,333;40,1;41,6
722,333;40,1;41,6
723,333;40,2;41,6
724,333;40,2;41,6
725,333;40,1;41,5
726,333;40,2;41,5
727,333;40,1;41,5
728,333;40,1;41,5
729,333;40,1;41,5
730,333;40,1;41,5
731,333;40;41,5
732,333;40;41,4
733,333;40;41,4
734,333;40;41,4
735,333;40;41,4
736,333;40;41,4
737,333;40;41,3
738,333;40;41,4
739,333;40;41,3
740,333;40,1;41,3
741,333;40;41,4
742,333;40;41,3
743,366;39,9;41,3
744,366;39,9;41,4
745,366;39,9;41,3
746,366;40;41,4
747,366;40;41,3
748,366;40;41,3
749,366;40;41,3
750,366;40;41,3
751,366;39,9;41,3
752,366;39,9;41,3
753,366;39,9;41,2
754,366;39,9;41,3
755,366;39,9;41,2
756,366;39,9;41,3
757,366;39,9;41,2
758,366;39,9;41,3
759,366;39,8;41,2
760,366;39,8;41,2
761,366;39,8;41,2
762,366;39,9;41,3
763,366;39,8;41,2
764,366;39,9;41,2
765,366;39,8;41,2
766,366;39,8;41,2
767,366;39,8;41,2
768,366;39,7;41,2
769,366;39,8;41,2
770,366;39,8;41,2
771,366;39,8;41,1
772,366;39,8;41,1
773,366;39,7;41,1
774,366;39,8;41,1
775,366;39,8;41,1
776,366;39,8;41,1
777,366;39,8;41,1
778,366;39,8;41,1
779,366;39,7;41
780,366;39,7;41,1
781,366;39,7;41,1
782,366;39,6;41,1
783,366;39,6;41,1
784,366;39,6;41
785,366;39,6;41
786,366;39,6;41
787,366;39,6;41
788,366;39,6;41
789,366;39,6;41
790,366;39,6;41
791,366;39,6;41
792,366;39,6;41
793,366;39,5;41
794,366;39,6;40,9
795,366;39,6;41
796,366;39,6;40,9
797,366;39,6;41
798,366;39,6;40,9
799,366;39,6;40,9
800,366;39,6;40,9
801,366;39,5;40,9
802,366;39,6;40,9
803,366;39,6;41
804,366;39,6;41
805,366;39,6;40,9
806,366;39,6;40,9
807,366;39,6;40,9
808,366;39,6;40,9
809,366;39,6;40,9
810,366;39,6;40,9
811,366;39,5;40,9
812,366;39,4;40,9
813,366;39,4;40,8
814,366;39,4;40,8
815,366;39,4;40,8
816,366;39,5;40,9
817,366;39,4;40,9
818,366;39,4;40,9
819,366;39,4;40,9
820,366;39,4;40,8
821,366;39,4;40,8
822,366;39,5;40,8
823,366;39,5;40,8
824,366;39,4;40,8
825,366;39,3;40,8
826,366;39,3;40,8
827,366;39,3;40,8
828,366;39,3;40,8
829,366;39,3;40,8
830,366;39,2;40,7
831,366;39,2;40,7
832,366;39,2;40,7
833,366;39,2;40,7
834,366;39,3;40,7
835,366;39,3;40,6
836,366;39,2;40,6
837,366;39,3;40,6
838,366;39,3;40,6
839,366;39,3;40,7
840,366;39,4;40,7
841,366;39,3;40,6
842,366;39,3;40,6
843,366;39,3;40,5
844,366;39,3;40,6
845,366;39,3;40,6
846,366;39,3;40,6
847,366;39,3;40,6
848,366;39,2;40,6
849,366;39,2;40,6
850,366;39,2;40,6
851,366;39,1;40,6
852,366;39,1;40,6
853,366;39,2;40,6
854,366;39,1;40,6
855,366;39,1;40,6
856,366;39,1;40,5
857,366;39,1;40,5
858,366;39;40,5
859,366;39;40,5
860,366;39;40,5
861,366;39;40,5
862,366;39;40,5
863,366;39;40,5
864,366;39;40,6
865,366;39;40,5
866,366;39;40,5
867,366;39;40,5
868,366;39;40,5
869,366;39;40,5
870,399;39;40,5
871,399;39;40,5
872,399;39;40,5
873,399;38,9;40,5
874,399;39;40,5
875,399;38,9;40,4
876,399;38,9;40,5
877,399;38,9;40,5
878,399;38,9;40,4
879,399;38,9;40,4
880,399;38,8;40,4
881,399;38,9;40,4
882,399;38,9;40,3
883,399;38,8;40,4
884,399;38,8;40,3
885,399;38,9;40,3
886,399;38,9;40,3
887,399;38,9;40,3
888,399;38,9;40,3
889,399;38,9;40,3
890,399;38,9;40,3
891,399;38,8;40,3
892,399;38,8;40,3
893,399;38,9;40,4
894,399;38,9;40,3
895,399;38,9;40,4
896,399;38,9;40,4
897,399;38,8;40,4
898,399;38,9;40,4
899,399;38,8;40,3
900,399;38,7;40,3
901,399;38,8;40,3
902,399;38,7;40,3
903,399;38,7;40,2
904,399;38,8;40,2
905,399;38,7;40,2
906,399;38,8;40,3
907,399;38,7;40,3
908,399;38,8;40,3
909,399;38,7;40,3
910,399;38,7;40,3
911,399;38,7;40,2
912,399;38,7;40,2
913,399;38,7;40,2
914,399;38,7;40,2
915,399;38,7;40,2
916,399;38,7;40,2
917,399;38,7;40,2
918,399;38,7;40,2
919,399;38,7;40,2
920,399;38,6;40,2
921,399;38,6;40,2
922,399;38,7;40,1
923,399;38,6;40,1
924,399;38,6;40,1
925,399;38,6;40,1
926,399;38,6;40,1
927,399;38,6;40,1
928,399;38,6;40,1
929,399;38,6;40,1
930,399;38,6;40
931,399;38,5;40
932,399;38,6;40,1
933,399;38,6;40,1
934,399;38,6;40
935,399;38,5;40,1
936,399;38,6;40,1
937,399;38,5;40,1
938,399;38,5;40,1
939,399;38,5;40,1
940,399;38,4;40,1
941,399;38,4;40,1
942,399;38,4;40,1
943,399;38,4;40,1
944,399;38,4;40
945,399;38,4;40
946,399;38,4;40
947,399;38,4;40
948,399;38,3;40
949,399;38,4;39,9
950,399;38,4;39,9
951,399;38,4;40
952,399;38,3;39,9
953,399;38,4;39,9
954,399;38,4;40
955,399;38,3;39,9
956,399;38,4;39,9
957,399;38,4;40
958,399;38,3;39,9
959,399;38,3;40
960,399;38,3;39,9
961,399;38,3;39,9
962,399;38,3;39,9
963,399;38,3;39,9
964,399;38,3;39,9
965,399;38,2;39,9
966,399;38,2;40
967,399;38,3;39,9
968,399;38,3;39,9
969,399;38,3;39,9
970,399;38,3;39,9
971,399;38,2;39,9
972,399;38,2;39,8
973,399;38,2;39,9
974,399;38,2;39,8
975,399;38,2;39,8
976,399;38,2;39,9
977,399;38,2;39,8
978,433;38,2;39,8
979,433;38,2;39,9
980,433;38,2;39,9
981,433;38,2;39,8
982,433;38,2;39,9
983,433;38,2;39,9
984,433;38,2;39,8
985,433;38,2;39,8
986,433;38,2;39,9
987,433;38,2;39,8
988,433;38,2;39,8
989,433;38,2;39,7
990,433;38,2;39,8
991,433;38,2;39,7
992,433;38,2;39,7
993,433;38,2;39,8
994,433;38,2;39,7
995,433;38,2;39,6
996,433;38,1;39,6
997,433;38,1;39,7
998,433;38,2;39,7
999,433;38,1;39,7
1000,433;38,2;39,7
1001,433;38,1;39,7
1002,433;38,1;39,7
1003,433;38,2;39,7
1004,433;38,1;39,7
1005,433;38,1;39,6
1006,433;38,1;39,6
1007,433;38,1;39,7
1008,433;38,1;39,6
1009,433;38,1;39,6
1010,433;38,1;39,6
1011,433;38,1;39,6
1012,433;38,1;39,6
1013,433;38;39,6
1014,433;38;39,6
1015,433;38;39,6
1016,433;38;39,6
1017,433;38;39,6
1018,433;38,1;39,6
1019,433;38,1;39,6
1020,433;38;39,6
1021,433;38,1;39,6
1022,433;38,1;39,6
1023,433;38;39,6
1024,433;38;39,6
1025,433;38;39,6
1026,433;38;39,6
1027,433;38;39,6
1028,433;38;39,5
1029,433;37,9;39,6
1030,433;37,9;39,6
1031,433;37,9;39,5
1032,433;37,9;39,6
1033,466;38;39,5
1034,466;37,9;39,5
1035,466;37,9;39,4
1036,466;37,9;39,5
1037,466;38;39,4
1038,466;37,9;39,5
1039,466;37,9;39,4
1040,466;37,9;39,5
1041,466;37,9;39,4
1042,466;37,9;39,5
1043,499;37,9;39,4
1044,499;37,9;39,4
1045,499;37,9;39,4
1046,499;37,8;39,4
1047,499;37,8;39,4
1048,499;37,8;39,4
1049,499;37,8;39,3
1050,499;37,8;39,4
1051,499;37,8;39,3
1052,499;37,8;39,4
1053,499;37,8;39,4
1054,499;37,8;39,3
1055,499;37,8;39,3
1056,499;37,8;39,4
1057,499;37,8;39,3
1058,499;37,8;39,3
1059,499;37,8;39,3
1060,499;37,8;39,3
1061,499;37,7;39,3
1062,499;37,7;39,3
1063,499;37,7;39,3
1064,499;37,7;39,3
1065,499;37,7;39,3
1066,499;37,7;39,3
1067,499;37,7;39,3
1068,499;37,7;39,3
1069,499;37,7;39,3
1070,499;37,7;39,3
1071,499;37,7;39,3
1072,499;37,7;39,3
1073,499;37,7;39,3
1074,499;37,7;39,3
1075,499;37,6;39,2
1076,499;37,6;39,3
1077,499;37,7;39,3
1078,499;37,7;39,3
1079,499;37,6;39,2
1080,499;37,6;39,2
1081,499;37,6;39,3
1082,499;37,7;39,2
1083,499;37,7;39,2
1084,499;37,7;39,2
1085,499;37,7;39,2
1086,499;37,6;39,2
1087,499;37,6;39,2
1088,499;37,6;39,2
1089,499;37,6;39,2
1090,499;37,6;39,2
1091,499;37,6;39,2
1092,499;37,6;39,2
1093,499;37,6;39,2
1094,499;37,6;39,2
1095,499;37,5;39,1
1096,499;37,5;39,1
1097,499;37,6;39,1
1098,499;37,6;39,2
1099,499;37,5;39,1
1100,499;37,5;39,1
1101,499;37,6;39,2
1102,499;37,5;39,1
1103,499;37,5;39,1
1104,499;37,5;39
1105,532;37,5;39,1
1106,532;37,6;39,1
1107,532;37,5;39,1
1108,532;37,5;39,1
1109,532;37,5;39,1
1110,532;37,4;39,2
1111,532;37,4;39,1
1112,532;37,4;39,1
1113,532;37,4;39
1114,532;37,4;39
1115,532;37,4;39
1116,532;37,4;39,1
1117,532;37,4;39
1118,532;37,4;39
1119,532;37,4;39
1120,532;37,4;39
1121,532;37,4;39
1122,532;37,4;39
1123,532;37,4;39
1124,532;37,5;39,1
1125,532;37,4;39
1126,532;37,4;39
1127,532;37,4;39
1128,532;37,4;39
1129,532;37,4;39
1130,532;37,4;39,1
1131,532;37,4;39
1132,532;37,4;39
1133,532;37,4;39
1134,532;37,4;38,9
1135,532;37,4;38,9
1136,532;37,4;38,9
1137,532;37,4;38,9
1138,532;37,3;38,9
1139,532;37,3;39
1140,532;37,3;39
1141,532;37,3;39
1142,532;37,3;38,9
1143,532;37,3;39
1144,532;37,3;38,9
1145,532;37,3;38,9
1146,532;37,3;38,9
1147,532;37,3;38,9
1148,532;37,3;38,9
1149,532;37,3;38,9
1150,532;37,3;38,9
1151,532;37,3;38,9
1152,532;37,3;38,9
1153,532;37,3;38,9
1154,532;37,2;38,8
1155,532;37,2;38,8
1156,532;37,3;38,8
1157,532;37,2;38,8
1158,532;37,2;38,8
1159,532;37,2;38,8
1160,532;37,1;38,8
1161,532;37,2;38,8
1162,532;37,2;38,8
1163,532;37,2;38,8
1164,532;37,2;38,8
1165,532;37,2;38,8
1166,532;37,2;38,8
1167,532;37,1;38,9
1168,532;37,1;38,8
1169,532;37,1;38,8
1170,532;37,1;38,8
1171,532;37,1;38,8
1172,532;37,1;38,8
1173,532;37,1;38,7
1174,532;37,1;38,7
1175,532;37,1;38,7
1176,532;37,1;38,7
1177,532;37,1;38,7
1178,532;37,1;38,7
1179,532;37,2;38,7
1180,532;37,1;38,7
1181,532;37,1;38,8
1182,532;37,1;38,8
1183,532;37,1;38,8
1184,532;37;38,8
1185,532;37,1;38,8
1186,532;37,1;38,8
1187,532;37;38,8
1188,532;37;38,7
1189,532;37;38,7
1190,532;37;38,7
1191,532;37;38,7
1192,532;37;38,7
1193,532;37;38,6
1194,532;37;38,7
1195,532;37;38,7
1196,532;37;38,7
1197,532;37;38,7
1198,532;37;38,7
1199,532;37;38,7
1200,532;37;38,7
1201,532;36,9;38,6
1202,532;36,9;38,7
1203,532;37;38,7
1204,532;37;38,7
1205,532;36,9;38,7
1206,532;37;38,7
1207,532;37;38,7
1208,532;36,9;38,7
1209,532;36,9;38,7
1210,532;36,9;38,7
1211,532;36,9;38,6
1212,532;36,9;38,6
1213,532;36,9;38,6
1214,532;36,9;38,6
1215,532;36,9;38,6
1216,532;36,9;38,7
1217,532;36,9;38,7
1218,532;36,9;38,6
1219,532;36,9;38,6
1220,532;36,9;38,6
1221,532;36,9;38,6
1222,532;36,9;38,6
1223,532;36,8;38,6
1224,532;36,9;38,6
1225,532;36,9;38,6
1226,532;36,8;38,6
1227,532;36,8;38,6
1228,532;36,8;38,6
1229,532;36,8;38,5
1230,532;36,8;38,5
1231,532;36,8;38,5
1232,532;36,8;38,5
1233,532;36,8;38,5
1234,532;36,8;38,5
1235,532;36,8;38,5
1236,532;36,8;38,5
1237,532;36,8;38,5
1238,532;36,8;38,5
1239,532;36,7;38,5
1240,532;36,7;38,6
1241,532;36,7;38,5
1242,532;36,8;38,4
1243,532;36,7;38,4
1244,532;36,7;38,4
1245,532;36,7;38,3
1246,532;36,7;38,3
1247,532;36,7;38,4
1248,532;36,7;38,4
1249,532;36,7;38,4
1250,532;36,7;38,4
1251,532;36,6;38,4
1252,532;36,6;38,4
1253,532;36,7;38,4
1254,532;36,7;38,4
1255,532;36,7;38,4
1256,532;36,7;38,4
1257,532;36,7;38,4
1258,532;36,7;38,4
1259,532;36,7;38,3
1260,532;36,6;38,3
1261,532;36,7;38,3
1262,532;36,6;38,3
1263,532;36,7;38,3
1264,532;36,6;38,3
1265,532;36,6;38,3
1266,532;36,6;38,3
1267,532;36,6;38,3
1268,532;36,6;38,3
1269,532;36,6;38,4
1270,532;36,6;38,3
1271,532;36,6;38,3
1272,532;36,7;38,3
1273,532;36,6;38,3
1274,532;36,6;38,3
1275,532;36,6;38,3
1276,532;36,6;38,3
1277,532;36,6;38,4
1278,532;36,5;38,3
1279,532;36,6;38,4
1280,532;36,6;38,3
1281,532;36,6;38,3
1282,532;36,6;38,3
1283,532;36,6;38,3
1284,532;36,6;38,3
1285,532;36,5;38,3
1286,532;36,5;38,3
1287,532;36,6;38,3
1288,532;36,6;38,3
1289,532;36,6;38,3
1290,532;36,6;38,3
1291,532;36,5;38,2
1292,532;36,5;38,3
1293,532;36,5;38,3
1294,532;36,5;38,2
1295,532;36,5;38,3
1296,532;36,5;38,3
1297,532;36,5;38,2
1298,532;36,5;38,3
1299,532;36,5;38,2
1300,532;36,4;38,2
1301,532;36,5;38,2
1302,532;36,5;38,2
1303,532;36,4;38,2
1304,532;36,5;38,2
1305,532;36,5;38,2
1306,532;36,5;38,2
1307,532;36,4;38,1
1308,532;36,4;38,2
1309,532;36,4;38,2
1310,532;36,4;38,2
1311,532;36,4;38,2
1312,532;36,4;38,2
1313,532;36,4;38,2
1314,532;36,4;38,2
1315,532;36,4;38,2
1316,532;36,4;38,1
1317,532;36,4;38,1
1318,532;36,4;38,2
1319,532;36,4;38,2
1320,532;36,4;38,2
1321,532;36,4;38,2
1322,532;36,4;38,2
1323,532;36,3;38,2
1324,532;36,4;38,2
1325,532;36,3;38,2
1326,532;36,3;38,1
1327,532;36,3;38,1
1328,532;36,3;38,2
1329,532;36,4;38,2
1330,532;36,4;38,2
1331,532;36,4;38,1
1332,532;36,3;38,1
1333,532;36,3;38,1
1334,532;36,3;38,1
1335,532;36,3;38,1
1336,532;36,3;38,2
1337,532;36,4;38,1
1338,532;36,3;38,1
1339,532;36,3;38,1
1340,532;36,3;38,1
1341,532;36,3;38,1
1342,532;36,3;38,1
1343,532;36,3;38,1
1344,532;36,3;38,1
1345,532;36,3;38,1
1346,532;36,3;38,1
1347,532;36,3;38,1
1348,532;36,3;38,1
1349,532;36,3;38,1
1350,532;36,3;38,1
1351,532;36,3;38
1352,532;36,3;38,1
1353,532;36,2;38,1
1354,532;36,3;38,1
1355,532;36,3;38,1
1356,532;36,3;38
1357,532;36,3;38,1
1358,532;36,3;38
1359,532;36,3;38
1360,532;36,3;38
1361,532;36,3;38
1362,532;36,3;37,9
1363,532;36,2;37,9
1364,532;36,3;37,9
1365,532;36,2;37,9
1366,532;36,2;37,9
1367,532;36,2;37,9
1368,532;36,2;37,9
1369,532;36,2;38
1370,532;36,1;38
1371,532;36,2;38
1372,532;36,2;38
1373,532;36,2;38
1374,532;36,2;38
1375,532;36,2;37,9
1376,532;36,2;37,9
1377,532;36,2;37,9
1378,532;36,2;37,9
1379,532;36,2;37,9
1380,532;36,1;37,9
1381,532;36,2;37,9
1382,532;36,2;37,9
1383,532;36,2;37,9
1384,532;36,2;37,9
1385,532;36,2;37,9
1386,532;36,1;37,9
1387,532;36,1;37,9
1388,532;36,1;37,9
1389,532;36,1;37,9
1390,532;36,1;37,9
1391,532;36,1;38
1392,532;36,1;38
1393,532;36,1;37,9
1394,532;36,1;37,9
1395,532;36,1;37,9
1396,532;36,1;37,8
1397,532;36,1;37,9
1398,532;36,1;37,9
1399,532;36,1;37,9
1400,532;36,1;37,9
1401,532;36,1;37,9
1402,532;36,1;37,9
1403,532;36;37,8
1404,532;36;37,8
1405,532;36;37,9
1406,532;36,1;37,8
1407,532;36,1;37,8
1408,532;36;37,8
1409,532;36;37,9
1410,532;36;37,9
1411,532;36;37,9
1412,532;36,1;37,9
1413,532;36;37,8
1414,532;36,1;37,9
1415,532;36;37,8
1416,532;36,1;37,8
1417,532;36;37,8
1418,532;36;37,8
1419,532;36;37,8
1420,532;36;37,8
1421,532;35,9;37,8
1422,532;36;37,8
1423,532;36;37,8
1424,532;36;37,8
1425,532;36;37,8
1426,532;35,9;37,8
1427,532;35,9;37,8
1428,532;35,9;37,8
1429,532;35,9;37,8
1430,532;35,9;37,8
1431,532;35,9;37,8
1432,532;35,9;37,8
1433,532;35,9;37,8
1434,532;35,9;37,8
1435,532;35,9;37,7
1436,532;35,9;37,7
1437,532;35,9;37,7
1438,532;35,9;37,8
1439,532;35,9;37,8
1440,532;36;37,7
1441,532;35,9;37,7
1442,532;35,9;37,7
1443,532;35,9;37,7
1444,532;35,9;37,7
1445,532;35,9;37,7
1446,532;35,9;37,7
1447,532;35,9;37,8
1448,532;35,8;37,7
1449,532;35,9;37,7
1450,532;35,8;37,7
1451,532;35,8;37,7
1452,532;35,8;37,7
1453,532;35,8;37,7
1454,532;35,8;37,7
1455,532;35,8;37,7
1456,532;35,8;37,7
1457,532;35,8;37,7
1458,532;35,8;37,6
1459,532;35,8;37,7
1460,532;35,8;37,7
1461,532;35,8;37,7
1462,532;35,8;37,7
1463,532;35,8;37,6
1464,532;35,8;37,7
1465,532;35,8;37,6
1466,532;35,8;37,6
1467,532;35,8;37,6
1468,532;35,8;37,6
1469,532;35,8;37,6
1470,532;35,8;37,6
1471,532;35,8;37,6
1472,532;35,8;37,6
1473,532;35,8;37,6
1474,532;35,8;37,6
1475,532;35,8;37,6
1476,532;35,7;37,6
1477,532;35,7;37,5
1478,532;35,7;37,5
1479,532;35,7;37,5
1480,532;35,7;37,5
1481,532;35,7;37,6
1482,532;35,7;37,5
1483,532;35,7;37,5
1484,532;35,7;37,5
1485,532;35,7;37,5
1486,532;35,7;37,5
1487,532;35,7;37,5
1488,532;35,7;37,5
1489,532;35,7;37,4
1490,532;35,7;37,5
1491,532;35,7;37,5
1492,532;35,7;37,5
1493,532;35,7;37,5
1494,532;35,7;37,5
1495,532;35,6;37,5
1496,532;35,6;37,5
1497,532;35,6;37,5
1498,532;35,6;37,5
1499,532;35,6;37,4
1500,532;35,6;37,4
1501,532;35,6;37,5
1502,532;35,6;37,5
1503,532;35,5;37,5
1504,532;35,6;37,5
1505,532;35,5;37,4
1506,532;35,5;37,5
1507,532;35,5;37,5
1508,532;35,5;37,5
1509,532;35,5;37,5
1510,532;35,5;37,4
1511,532;35,5;37,5
1512,532;35,6;37,4
1513,532;35,6;37,5
1514,532;35,6;37,5
1515,532;35,6;37,5
1516,532;35,6;37,5
1517,532;35,6;37,4
1518,532;35,6;37,4
1519,532;35,6;37,4
1520,532;35,5;37,5
1521,532;35,5;37,4
1522,532;35,5;37,5
1523,532;35,5;37,4
1524,565;35,5;37,4
1525,565;35,5;37,3
1526,565;35,5;37,4
1527,565;35,5;37,4
1528,565;35,5;37,4
1529,565;35,5;37,4
1530,565;35,5;37,4
1531,565;35,5;37,4
1532,565;35,5;37,4
1533,565;35,5;37,4
1534,565;35,5;37,4
1535,565;35,5;37,4
1536,565;35,5;37,4
1537,565;35,5;37,4
1538,565;35,5;37,4
1539,565;35,5;37,3
1540,565;35,5;37,4
1541,565;35,5;37,4
1542,565;35,5;37,4
1543,565;35,5;37,4
1544,565;35,5;37,4
1545,565;35,5;37,4
1546,565;35,5;37,4
1547,565;35,4;37,3
1548,565;35,4;37,3
1549,565;35,5;37,4
1550,565;35,4;37,4
1551,565;35,4;37,3
1552,565;35,4;37,4
1553,565;35,4;37,3
1554,565;35,4;37,3
1555,565;35,4;37,3
1556,565;35,4;37,3
1557,565;35,4;37,4
1558,565;35,4;37,3
1559,565;35,4;37,3
1560,565;35,4;37,3
1561,565;35,3;37,3
1562,565;35,4;37,3
1563,565;35,3;37,2
1564,565;35,3;37,2
1565,565;35,3;37,3
1566,565;35,3;37,2
1567,565;35,3;37,3
1568,565;35,3;37,2
1569,565;35,3;37,2
1570,565;35,3;37,2
1571,565;35,3;37,2
1572,565;35,3;37,2
1573,565;35,3;37,2
1574,565;35,3;37,2
1575,565;35,3;37,2
1576,565;35,3;37,2
1577,565;35,3;37,2
1578,565;35,3;37,3
1579,565;35,3;37,2
1580,565;35,3;37,3
1581,565;35,3;37,2
1582,565;35,2;37,2
1583,565;35,3;37,2
1584,565;35,3;37,2
1585,565;35,3;37,2
1586,565;35,3;37,2
1587,565;35,3;37,2
1588,565;35,2;37,2
1589,565;35,2;37,2
1590,565;35,2;37,2
1591,565;35,2;37,1
1592,565;35,2;37,1
1593,565;35,2;37,1
1594,599;35,2;37,2
1595,599;35,3;37,2
1596,599;35,2;37,2
1597,599;35,2;37,2
1598,599;35,2;37,2
1599,599;35,2;37,2
1600,599;35,1;37,2
1601,599;35,2;37,2
1602,599;35,1;37,1
1603,599;35,2;37,2
1604,599;35,2;37,1
1605,599;35,1;37,2
1606,599;35,2;37,1
1607,599;35,1;37,1
1608,599;35,2;37,1
1609,599;35,1;37,1
1610,599;35,2;37,1
1611,599;35,2;37,1
1612,599;35,2;37,1
1613,599;35,2;37,1
1614,599;35,2;37,1
1615,599;35,2;37,1
1616,599;35,1;37,1
1617,599;35,1;37,1
1618,599;35,1;37,1
1619,599;35,1;37,1
1620,599;35,1;37,1
1621,599;35,1;37,1
1622,599;35,2;37,1
1623,599;35,2;37,1
1624,599;35,1;37,1
1625,599;35,1;37
1626,599;35,1;37,1
1627,599;35,1;37
1628,599;35,1;37,1
1629,599;35,1;37
1630,599;35,1;37
1631,599;35,1;37
1632,599;35,1;36,9
1633,599;35,1;37
1634,599;35,1;37
1635,599;35,1;37
1636,599;35,1;37
1637,599;35;36,9
1638,599;35;37
1639,599;35;37
1640,599;35,1;37
1641,599;35;37
1642,599;35;36,9
1643,599;35;36,9
1644,599;35;37
1645,599;35;36,9
1646,599;35;36,9
1647,599;35;36,9
1648,599;35;37
1649,599;35;37
1650,599;35;37
1651,599;35;36,9
1652,599;35;36,9
1653,599;35;36,9
1654,599;34,9;36,9
1655,599;34,9;36,9
1656,599;35;36,9
1657,599;35;37
1658,599;34,9;36,9
1659,599;34,9;37
1660,599;34,9;36,9
1661,599;34,9;36,9
1662,599;34,9;36,9
1663,599;34,9;36,9
1664,599;34,9;36,9
1665,599;35;36,9
1666,599;34,9;36,9
1667,599;34,9;36,9
1668,599;34,9;36,9
1669,599;34,9;36,9
1670,599;34,9;36,9
1671,599;34,9;36,9
1672,599;34,9;36,8
1673,599;34,9;36,9
1674,599;34,9;36,8
1675,599;34,9;36,8
1676,599;34,9;36,9
1677,599;34,9;36,8
1678,599;34,9;36,9
1679,599;34,9;36,9
1680,599;34,9;36,9
1681,599;34,9;36,9
1682,599;34,9;36,9
1683,599;34,9;36,8
1684,599;34,8;36,8
1685,599;34,8;36,8
1686,599;34,9;36,8
1687,599;34,9;36,8
1688,632;34,9;36,8
1689,665;34,8;36,8
1690,665;34,8;36,8
1691,665;34,8;36,8
1692,665;34,9;36,8
1693,665;34,9;36,8
1694,665;34,9;36,9
1695,665;34,8;36,9
1696,665;34,9;36,9
1697,665;34,8;36,9
1698,665;34,8;36,9
1699,665;34,8;36,9
1700,665;34,8;36,8
1701,665;34,9;36,8
1702,665;34,8;36,8
1703,665;34,8;36,8
1704,665;34,8;36,8
1705,665;34,8;36,7
1706,665;34,8;36,8
1707,665;34,8;36,8
1708,665;34,7;36,8
1709,665;34,7;36,8
1710,665;34,7;36,7
1711,665;34,7;36,7
1712,665;34,7;36,7
1713,665;34,7;36,7
1714,665;34,8;36,7
1715,665;34,7;36,7
1716,665;34,7;36,7
1717,665;34,8;36,8
1718,665;34,7;36,7
1719,665;34,7;36,7
1720,665;34,7;36,7
1721,665;34,7;36,7
1722,665;34,7;36,7
1723,665;34,7;36,7
1724,665;34,7;36,6
1725,665;34,7;36,6
1726,665;34,7;36,6
1727,665;34,7;36,6
1728,665;34,7;36,7
1729,665;34,7;36,7
1730,665;34,7;36,7
1731,665;34,7;36,7
1732,665;34,6;36,6
1733,665;34,6;36,6
1734,665;34,6;36,6
1735,665;34,7;36,7
1736,665;34,7;36,6
1737,665;34,7;36,6
1738,665;34,7;36,6
1739,665;34,7;36,6
1740,665;34,6;36,6
1741,665;34,6;36,6
1742,665;34,6;36,7
1743,665;34,6;36,6
1744,665;34,6;36,7
1745,665;34,6;36,7
1746,665;34,6;36,7
1747,665;34,6;36,6
1748,665;34,6;36,6
1749,665;34,6;36,6
1750,665;34,6;36,6
1751,665;34,6;36,6
1752,665;34,6;36,6
1753,665;34,6;36,6
1754,665;34,5;36,5
1755,665;34,5;36,5
1756,665;34,5;36,6
1757,665;34,5;36,6
1758,665;34,5;36,5
1759,665;34,5;36,6
1760,665;34,5;36,5
1761,665;34,5;36,5
1762,665;34,5;36,6
1763,665;34,6;36,6
1764,665;34,6;36,6
1765,665;34,5;36,5
1766,698;34,5;36,6
1767,698;34,6;36,6
1768,698;34,6;36,5
1769,698;34,5;36,5
1770,698;34,5;36,5
1771,698;34,5;36,5
1772,698;34,5;36,5
1773,698;34,5;36,5
1774,698;34,5;36,5
1775,698;34,4;36,5
1776,698;34,5;36,5
1777,698;34,5;36,5
1778,698;34,5;36,5
1779,698;34,5;36,5
1780,698;34,5;36,5
1781,698;34,5;36,5
1782,698;34,5;36,5
1783,698;34,5;36,5
1784,698;34,4;36,5
1785,698;34,4;36,5
1786,698;34,5;36,5
1787,698;34,5;36,5
1788,698;34,5;36,5
1789,698;34,4;36,5
1790,698;34,5;36,5
1791,698;34,5;36,5
1792,698;34,5;36,4
1793,698;34,5;36,4
1794,698;34,5;36,5
1795,698;34,5;36,4
1796,698;34,5;36,4
1797,698;34,4;36,4
1798,698;34,5;36,4
1799,698;34,4;36,4
1800,698;34,4;36,4
1801,698;34,4;36,4
1802,698;34,4;36,4
1803,698;34,4;36,4
1804,698;34,4;36,3
1805,698;34,4;36,4
1806,698;34,4;36,4
1807,698;34,4;36,3
1808,698;34,4;36,4
1809,698;34,4;36,4
1810,698;34,4;36,4
1811,698;34,4;36,4
1812,698;34,4;36,4
1813,698;34,3;36,3
1814,698;34,4;36,4
1815,698;34,4;36,4
1816,698;34,4;36,4
1817,698;34,3;36,4
1818,698;34,3;36,3
1819,698;34,4;36,3
1820,698;34,4;36,4
1821,698;34,3;36,3
1822,698;34,3;36,3
1823,698;34,3;36,3
1824,698;34,3;36,3
1825,698;34,3;36,3
1826,698;34,3;36,3
1827,698;34,4;36,4
1828,698;34,3;36,4
1829,698;34,3;36,3
1830,698;34,3;36,3
1831,698;34,3;36,3
1832,698;34,3;36,3
1833,698;34,3;36,4
1834,698;34,2;36,3
1835,698;34,2;36,3
1836,698;34,2;36,3
1837,698;34,2;36,3
1838,698;34,2;36,3
1839,698;34,2;36,3
1840,698;34,2;36,2
1841,698;34,3;36,3
1842,698;34,2;36,3
1843,698;34,2;36,3
1844,698;34,2;36,3
1845,698;34,2;36,3
1846,698;34,2;36,3
1847,698;34,2;36,2
1848,698;34,2;36,3
1849,698;34,2;36,2
1850,698;34,2;36,3
1851,698;34,2;36,2
1852,698;34,2;36,2
1853,698;34,2;36,2
1854,698;34,2;36,2
1855,698;34,2;36,3
1856,698;34,2;36,2
1857,698;34,2;36,2
1858,698;34,2;36,2
1859,698;34,2;36,2
1860,698;34,2;36,2
1861,698;34,1;36,2
1862,698;34,2;36,2
1863,698;34,2;36,2
1864,698;34,2;36,2
1865,698;34,2;36,2
1866,698;34,2;36,2
1867,698;34,2;36,2
1868,698;34,2;36,2
1869,698;34,2;36,2
1870,698;34,2;36,2
1871,698;34,1;36,2
1872,698;34,1;36,1
1873,698;34,1;36,2
1874,698;34,1;36,1
1875,698;34,1;36,1
1876,698;34,1;36,2
1877,698;34,1;36,2
1878,698;34,1;36,2
1879,698;34,1;36,2
1880,698;34,1;36,2
1881,698;34;36,1
1882,698;34;36,2
1883,698;34,1;36,2
1884,698;34;36,2
1885,698;34;36,1
1886,698;34,1;36,2
1887,698;34,1;36,1
1888,698;34,1;36,1
1889,698;34,1;36,1
1890,698;34,1;36,1
1891,698;34,1;36,1
1892,698;34;36,1
1893,698;34,1;36,1
1894,698;34,1;36,1
1895,698;34,1;36,1
1896,698;34;36,1
1897,698;34,1;36,1
1898,698;34,1;36,2
1899,698;34;36,2
1900,698;34,1;36,1
1901,698;34;36,1
1902,698;34;36,1
1903,698;34;36,1
1904,698;34;36,1
1905,698;34;36,1
1906,698;34;36,1
1907,698;34,1;36,1
1908,698;34;36,1
1909,698;34;36,1
1910,698;34;36,1
1911,698;34;36,1
1912,698;34;36,1
1913,698;34;36,1
1914,698;34;36
1915,698;34;36
1916,698;33,9;36,1
1917,698;34;36,1
1918,698;34;36,1
1919,698;34;36,1
1920,698;34;36,1
1921,698;33,9;36
1922,698;33,9;36
1923,698;34;36
1924,698;33,9;36,1
1925,698;33,9;36
1926,698;33,9;36
1927,698;33,9;36
1928,698;33,9;36
1929,698;34;36
1930,698;33,9;36
1931,698;33,9;36
1932,698;33,9;36
1933,698;33,9;36
1934,698;33,9;36
1935,698;33,9;36
1936,698;33,9;36
1937,698;33,9;36
1938,698;33,9;35,9
1939,698;33,9;36
1940,698;33,9;36
1941,698;33,9;36
1942,698;33,8;36
1943,698;33,9;36
1944,698;33,9;36
1945,698;33,9;36
1946,698;33,9;36
1947,698;33,8;35,9
1948,698;33,8;36
1949,698;33,9;36
1950,698;33,8;36
1951,698;33,8;35,9
1952,698;33,8;35,9
1953,698;33,8;35,9
1954,698;33,8;35,9
1955,698;33,9;35,9
1956,698;33,8;35,9
1957,698;33,8;35,9
1958,698;33,8;35,9
1959,698;33,8;36
1960,698;33,8;35,9
1961,698;33,8;35,9
1962,698;33,8;35,9
1963,698;33,8;35,9
1964,698;33,8;35,9
1965,698;33,8;35,9
1966,698;33,8;35,9
1967,698;33,8;35,9
1968,698;33,8;35,9
1969,698;33,8;35,9
1970,698;33,7;35,9
1971,698;33,7;35,9
1972,698;33,7;35,9
1973,698;33,7;35,9
1974,698;33,7;35,9
1975,698;33,7;35,9
1976,698;33,8;35,9
1977,698;33,7;35,9
1978,698;33,8;35,9
1979,698;33,8;35,9
1980,698;33,7;35,8
1981,698;33,7;35,9
1982,698;33,7;35,9
1983,698;33,7;35,9
1984,698;33,7;35,9
1985,698;33,7;35,9
1986,698;33,7;35,9
1987,698;33,7;35,9
1988,698;33,7;36
1989,698;33,6;35,9
1990,698;33,7;35,9
1991,698;33,7;35,9
1992,698;33,7;35,9
1993,698;33,7;35,9
1994,698;33,7;35,9
1995,698;33,6;35,9
1996,698;33,6;35,9
1997,698;33,6;35,9
1998,698;33,7;35,9
1999,698;33,7;35,9
2000,698;33,7;35,8
2001,698;33,6;35,8
2002,698;33,7;35,9
2003,698;33,6;35,8
2004,698;33,6;35,8
2005,698;33,5;35,7
2006,698;33,6;35,8
2007,698;33,6;35,8
2008,698;33,6;35,8
2009,698;33,6;35,8
2010,698;33,6;35,8
2011,698;33,6;35,8
2012,698;33,6;35,8
2013,698;33,6;35,8
2014,698;33,6;35,8
2015,698;33,6;35,8
2016,698;33,6;35,9
2017,698;33,6;35,8
2018,698;33,6;35,8
2019,698;33,5;35,8
2020,698;33,6;35,8
2021,698;33,6;35,8
2022,698;33,5;35,7
2023,698;33,6;35,7
2024,698;33,6;35,7
2025,698;33,5;35,8
2026,698;33,5;35,8
2027,698;33,6;35,8
2028,698;33,6;35,8
2029,698;33,6;35,9
2030,698;33,5;35,8
2031,698;33,6;35,8
2032,731;33,5;35,7
2033,731;33,5;35,8
2034,731;33,5;35,7
2035,731;33,5;35,7
2036,731;33,5;35,7
2037,731;33,5;35,7
2038,731;33,5;35,7
2039,731;33,5;35,7
2040,731;33,5;35,7
2041,731;33,5;35,7
2042,731;33,5;35,7
2043,731;33,5;35,7
2044,731;33,5;35,6
2045,731;33,5;35,7
2046,731;33,5;35,7
2047,731;33,5;35,7
2048,731;33,5;35,7
2049,731;33,5;35,7
2050,731;33,5;35,7
2051,731;33,5;35,7
2052,731;33,4;35,7
2053,731;33,4;35,7
2054,731;33,5;35,6
2055,731;33,5;35,7
2056,731;33,5;35,7
2057,731;33,5;35,7
2058,731;33,5;35,7
2059,731;33,4;35,6
2060,731;33,5;35,7
2061,731;33,4;35,7
2062,731;33,4;35,8
2063,731;33,4;35,8
2064,731;33,4;35,7
2065,731;33,4;35,7
2066,731;33,4;35,7
2067,731;33,4;35,7
2068,731;33,4;35,7
2069,731;33,4;35,7
2070,731;33,4;35,7
2071,731;33,4;35,7
2072,731;33,4;35,7
2073,731;33,4;35,7
2074,731;33,4;35,7
2075,731;33,4;35,6
2076,731;33,4;35,6
2077,731;33,4;35,6
2078,731;33,4;35,6
2079,731;33,4;35,6
2080,731;33,4;35,6
2081,731;33,4;35,6
2082,731;33,4;35,6
2083,731;33,4;35,6
2084,731;33,4;35,6
2085,731;33,4;35,6
2086,731;33,4;35,6
2087,731;33,4;35,6
2088,731;33,3;35,6
2089,731;33,3;35,6
2090,731;33,3;35,6
2091,731;33,3;35,6
2092,731;33,4;35,6
2093,731;33,4;35,6
2094,731;33,4;35,6
2095,731;33,4;35,6
2096,731;33,4;35,6
2097,731;33,4;35,6
2098,731;33,3;35,5
2099,731;33,3;35,6
2100,731;33,4;35,5
2101,731;33,3;35,5
2102,731;33,3;35,5
2103,731;33,2;35,5
2104,731;33,2;35,5
2105,731;33,2;35,5
2106,731;33,2;35,5
2107,731;33,2;35,5
2108,731;33,2;35,5
2109,731;33,2;35,5
2110,731;33,2;35,5
2111,731;33,2;35,5
2112,731;33,2;35,5
2113,731;33,2;35,4
2114,731;33,2;35,4
2115,731;33,2;35,4
2116,731;33,2;35,5
2117,731;33,2;35,5
2118,731;33,2;35,5
2119,731;33,2;35,5
2120,731;33,2;35,5
2121,731;33,2;35,5
2122,731;33,2;35,5
2123,731;33,2;35,5
2124,731;33,2;35,4
2125,731;33,1;35,4
2126,731;33,2;35,4
2127,731;33,2;35,4
2128,731;33,1;35,4
2129,731;33,2;35,4
2130,731;33,2;35,4
2131,731;33,1;35,4
2132,731;33,1;35,4
2133,731;33,1;35,4
2134,731;33,1;35,4
2135,765;33,1;35,4
2136,765;33,1;35,4
2137,765;33,1;35,4
2138,765;33,1;35,4
2139,765;33,1;35,4
2140,765;33,1;35,4
2141,765;33,1;35,4
2142,765;33,1;35,4
2143,765;33,1;35,4
2144,765;33,1;35,4
2145,765;33,1;35,4
2146,765;33,1;35,4
2147,765;33,1;35,4
2148,765;33,1;35,4
2149,765;33;35,4
2150,765;33,1;35,4
2151,765;33,1;35,4
2152,765;33,1;35,5
2153,765;33,1;35,4
2154,765;33,1;35,5
2155,765;33,1;35,4
2156,765;33,1;35,4
2157,765;33,1;35,4
2158,765;33;35,3
2159,765;33,1;35,4
2160,765;33,1;35,5
2161,765;33;35,4
2162,765;33;35,4
2163,765;33;35,3
2164,765;33;35,4
2165,765;33;35,3
2166,765;33;35,3
2167,765;33;35,3
2168,765;33;35,3
2169,765;33;35,4
2170,765;33,1;35,4
2171,765;33,1;35,4
2172,765;33;35,4
2173,765;33;35,4
2174,765;33;35,3
2175,765;33;35,4
2176,765;33;35,3
2177,765;33,1;35,3
2178,765;33,1;35,3
2179,765;33;35,4
2180,765;33;35,3
2181,765;33,1;35,3
2182,765;33,1;35,3
2183,765;33,1;35,3
2184,765;33,1;35,3
2185,765;33;35,3
2186,765;33;35,3
2187,765;33;35,2
2188,765;33;35,2
2189,765;33;35,3
2190,765;33;35,3
2191,765;33;35,3
2192,765;33;35,3
2193,765;32,9;35,3
2194,765;33;35,3
2195,765;33;35,3
2196,765;33;35,2
2197,765;33;35,3
2198,765;32,9;35,2
2199,765;32,9;35,3
2200,765;33;35,2
2201,765;32,9;35,3
2202,765;32,9;35,2
2203,765;32,9;35,2
2204,765;32,9;35,2
2205,765;32,9;35,3
2206,765;32,9;35,3
2207,765;32,9;35,2
2208,765;32,9;35,3
2209,765;32,9;35,2
2210,765;32,9;35,2
2211,765;32,9;35,3
2212,765;32,9;35,2
2213,765;32,9;35,2
2214,765;32,8;35,2
2215,765;32,8;35,2
2216,765;32,9;35,2
2217,765;32,9;35,2
2218,765;32,9;35,2
2219,765;32,9;35,2
2220,765;32,9;35,2
2221,765;32,9;35,2
2222,765;32,9;35,2
2223,765;32,9;35,2
2224,765;32,8;35,2
2225,765;32,9;35,3
2226,765;32,9;35,2
2227,765;32,9;35,2
2228,765;32,9;35,2
2229,765;32,9;35,2
2230,765;32,9;35,2
2231,765;32,8;35,2
2232,765;32,8;35,2
2233,765;32,8;35,2
2234,765;32,8;35,2
2235,765;32,8;35,2
2236,765;32,8;35,2
2237,765;32,8;35,2
2238,765;32,8;35,2
2239,765;32,8;35,2
2240,765;32,8;35,2
2241,765;32,8;35,3
2242,765;32,8;35,2
2243,765;32,8;35,2
2244,765;32,8;35,2
2245,765;32,8;35,2
2246,765;32,8;35,2
2247,765;32,8;35,2
2248,765;32,8;35,2
2249,765;32,8;35,2
2250,765;32,8;35,2
2251,765;32,8;35,2
2252,765;32,8;35,2
2253,765;32,8;35,2
2254,765;32,8;35,1
2255,765;32,8;35,1
2256,765;32,8;35,2
2257,765;32,8;35,2
2258,765;32,8;35,2
2259,765;32,8;35,1
2260,765;32,8;35,1
2261,765;32,8;35,1
2262,765;32,8;35,1
2263,765;32,8;35,1
2264,765;32,7;35,1
2265,765;32,7;35,2
2266,765;32,7;35,1
2267,798;32,7;35,1
2268,798;32,8;35,1
2269,798;32,8;35,1
2270,798;32,7;35,1
2271,798;32,7;35,1
2272,798;32,7;35,1
2273,798;32,7;35,1
2274,798;32,7;35,1
2275,798;32,7;35,1
2276,798;32,7;35,1
2277,798;32,7;35,1
2278,798;32,8;35,1
2279,798;32,7;35,1
2280,798;32,7;35,1
2281,798;32,7;35,1
2282,798;32,7;35,1
2283,798;32,7;35,1
2284,798;32,7;35,1
2285,798;32,7;35,1
2286,798;32,7;35,1
2287,798;32,7;35,1
2288,798;32,7;35,1
2289,798;32,7;35
2290,798;32,7;35,1
2291,798;32,7;35,1
2292,798;32,7;35
2293,798;32,7;35
2294,798;32,7;35,1
2295,798;32,7;35
2296,798;32,7;35
2297,798;32,7;35
2298,798;32,7;35
2299,798;32,7;35,1
2300,798;32,6;35
2301,798;32,7;35
2302,798;32,6;34,9
2303,798;32,7;35
2304,798;32,6;35
2305,798;32,6;35
2306,798;32,6;35
2307,798;32,6;35
2308,798;32,6;35,1
2309,798;32,6;35
2310,798;32,6;35
2311,798;32,6;35
2312,831;32,6;35
2313,831;32,6;34,9
2314,831;32,6;35
2315,831;32,6;35
2316,831;32,6;35
2317,831;32,6;35
2318,831;32,6;35
2319,831;32,6;35
2320,831;32,6;35
2321,831;32,6;35
2322,831;32,6;35,1
2323,831;32,6;35
2324,831;32,5;35
2325,831;32,5;35
2326,831;32,5;35
2327,831;32,5;35
2328,831;32,5;34,9
2329,831;32,6;35
2330,831;32,5;35
2331,831;32,5;35
2332,831;32,5;34,9
2333,831;32,6;35
2334,831;32,5;35
2335,831;32,5;35
2336,831;32,6;35
2337,831;32,5;35
2338,831;32,5;34,9
2339,831;32,5;34,9
2340,831;32,5;35
2341,831;32,5;35
2342,831;32,5;34,9
2343,831;32,5;34,9
2344,831;32,5;34,9
2345,831;32,5;34,9
2346,831;32,5;34,9
2347,831;32,5;34,9
2348,831;32,5;34,9
2349,831;32,5;34,9
2350,831;32,5;34,9
2351,831;32,5;34,9
2352,831;32,5;35
2353,831;32,5;35
2354,831;32,5;34,9
2355,831;32,5;34,9
2356,831;32,5;34,9
2357,831;32,5;34,9
2358,831;32,5;34,9
2359,831;32,5;34,8
2360,831;32,5;34,9
2361,831;32,5;34,9
2362,831;32,4;34,9
2363,831;32,4;34,8
2364,831;32,5;34,8
2365,831;32,5;34,8
2366,831;32,5;34,8
2367,831;32,4;34,9
2368,831;32,4;34,9
2369,831;32,5;34,9
2370,831;32,4;34,8
2371,831;32,4;34,9
2372,831;32,4;34,9
2373,831;32,4;34,9
2374,831;32,4;34,9
2375,831;32,4;34,8
2376,831;32,4;34,8
2377,831;32,4;34,8
2378,831;32,4;34,9
2379,831;32,4;34,8
2380,831;32,4;34,8
2381,831;32,3;34,8
2382,831;32,4;34,8
2383,831;32,4;34,8
2384,831;32,4;34,8
2385,831;32,3;34,8
2386,831;32,4;34,8
2387,831;32,4;34,8
2388,831;32,4;34,8
2389,831;32,4;34,9
2390,831;32,4;34,8
2391,831;32,4;34,8
2392,831;32,4;34,8
2393,831;32,4;34,8
2394,831;32,4;34,8
2395,831;32,4;34,8
2396,831;32,4;34,8
2397,831;32,4;34,8
2398,831;32,4;34,8
2399,831;32,4;34,8
2400,831;32,3;34,8
2401,831;32,3;34,7
2402,831;32,3;34,8
2403,831;32,3;34,7
2404,831;32,3;34,8
2405,831;32,3;34,7
2406,831;32,3;34,7
2407,831;32,3;34,7
2408,831;32,3;34,8
2409,831;32,3;34,7
2410,831;32,3;34,7
2411,831;32,3;34,7
2412,831;32,3;34,8
2413,864;32,3;34,7
2414,864;32,3;34,7
2415,864;32,3;34,7
2416,864;32,3;34,7
2417,864;32,3;34,7
2418,864;32,3;34,7
2419,864;32,3;34,8
2420,864;32,3;34,8
2421,864;32,3;34,7
2422,864;32,3;34,8
2423,864;32,3;34,7
2424,864;32,3;34,7
2425,864;32,3;34,7
2426,864;32,3;34,7
2427,864;32,3;34,7
2428,864;32,3;34,7
2429,864;32,3;34,7
2430,864;32,3;34,7
2431,864;32,2;34,7
2432,864;32,2;34,7
2433,864;32,2;34,7
2434,864;32,2;34,7
2435,864;32,2;34,7
2436,864;32,2;34,7
2437,864;32,2;34,7
2438,864;32,2;34,7
2439,864;32,2;34,7
2440,864;32,2;34,7
2441,864;32,2;34,6
2442,864;32,2;34,6
2443,864;32,2;34,7
2444,864;32,2;34,7
2445,864;32,2;34,7
2446,864;32,1;34,6
2447,864;32,1;34,6
2448,864;32,1;34,7
2449,864;32,2;34,7
2450,864;32,1;34,6
2451,864;32,2;34,7
2452,864;32,1;34,6
2453,864;32,1;34,6
2454,864;32,1;34,6
2455,864;32,1;34,6
2456,864;32,1;34,6
2457,864;32,2;34,6
2458,864;32,1;34,7
2459,864;32,1;34,6
2460,864;32,2;34,6
2461,864;32,1;34,7
2462,864;32,1;34,7
2463,864;32,2;34,7
2464,864;32,2;34,7
2465,864;32,1;34,7
2466,864;32,1;34,6
2467,864;32,1;34,7
2468,864;32,1;34,6
2469,864;32,1;34,6
2470,864;32,1;34,7
2471,864;32,2;34,6
2472,864;32,2;34,6
2473,864;32,2;34,6
2474,864;32,2;34,6
2475,864;32,1;34,6
2476,864;32,1;34,6
2477,864;32,1;34,6
2478,864;32,1;34,6
2479,864;32,1;34,6
2480,864;32,1;34,6
2481,864;32,1;34,5
2482,864;32,1;34,5
2483,864;32,1;34,5
2484,864;32,1;34,5
2485,864;32,1;34,6
2486,864;32,1;34,5
2487,864;32,1;34,6
2488,864;32,1;34,5
2489,864;32,1;34,5
2490,898;32,1;34,5
2491,898;32;34,5
2492,898;32,1;34,5
2493,898;32;34,5
2494,898;32,1;34,5
2495,898;32;34,5
2496,898;32;34,5
2497,898;32;34,5
2498,898;32;34,5
2499,898;32;34,5
2500,898;32;34,4
2501,898;32;34,5
2502,898;32,1;34,5
2503,898;32,1;34,5
2504,898;32;34,5
2505,898;32;34,5
2506,898;32;34,5
2507,898;32,1;34,5
2508,898;32;34,5
2509,898;32;34,5
2510,898;32;34,4
2511,898;32;34,5
2512,898;32;34,4
2513,898;32;34,4
2514,898;32;34,4
2515,898;32;34,5
2516,898;32;34,5
2517,898;31,9;34,5
2518,898;32;34,4
2519,898;31,9;34,4
2520,898;31,9;34,5
2521,898;31,9;34,5
2522,898;31,9;34,4
2523,898;31,9;34,4
2524,898;31,9;34,4
2525,898;31,9;34,4
2526,898;31,9;34,4
2527,898;31,9;34,5
2528,898;31,9;34,4
2529,898;31,9;34,4
2530,898;31,9;34,5
2531,898;31,9;34,5
2532,898;31,9;34,4
2533,898;31,9;34,4
2534,898;31,9;34,4
2535,898;31,9;34,4
2536,898;31,9;34,5
2537,898;31,9;34,4
2538,898;31,9;34,4
2539,898;31,9;34,4
2540,931;31,9;34,4
2541,931;31,9;34,5
2542,931;31,9;34,4
2543,931;31,9;34,4
2544,931;31,9;34,4
2545,931;31,9;34,4
2546,931;31,8;34,4
2547,931;31,8;34,4
2548,931;31,8;34,4
2549,931;31,8;34,4
2550,931;31,8;34,4
2551,931;31,8;34,4
2552,931;31,8;34,4
2553,931;31,9;34,4
2554,931;31,9;34,4
2555,931;31,9;34,4
2556,931;31,9;34,4
2557,931;31,8;34,4
2558,931;31,8;34,4
2559,964;31,8;34,4
2560,964;31,8;34,4
2561,964;31,8;34,4
2562,964;31,8;34,4
2563,964;31,8;34,3
2564,964;31,8;34,4
2565,964;31,8;34,4
2566,964;31,8;34,4
2567,964;31,8;34,3
2568,964;31,8;34,4
2569,964;31,8;34,3
2570,964;31,8;34,4
2571,964;31,8;34,3
2572,964;31,8;34,3
2573,964;31,8;34,3
2574,964;31,8;34,3
2575,964;31,7;34,3
2576,964;31,7;34,3
2577,964;31,8;34,3
2578,964;31,7;34,3
2579,964;31,8;34,3
2580,964;31,8;34,2
2581,964;31,8;34,2
2582,964;31,8;34,3
2583,964;31,8;34,2
2584,964;31,8;34,2
2585,964;31,8;34,3
2586,964;31,8;34,3
2587,964;31,7;34,2
2588,964;31,8;34,2
2589,964;31,7;34,2
2590,964;31,7;34,2
2591,964;31,7;34,3
2592,964;31,7;34,3
2593,964;31,7;34,3
2594,964;31,7;34,3
2595,964;31,8;34,3
2596,964;31,8;34,3
2597,964;31,8;34,3
2598,964;31,7;34,3
2599,964;31,7;34,3
2600,964;31,7;34,3
2601,964;31,7;34,3
2602,964;31,7;34,3
2603,964;31,7;34,2
2604,964;31,7;34,3
2605,964;31,7;34,2
2606,964;31,7;34,2
2607,964;31,7;34,3
2608,964;31,7;34,2
2609,964;31,7;34,2
2610,964;31,7;34,3
2611,964;31,7;34,2
2612,964;31,7;34,2
2613,964;31,7;34,2
2614,964;31,7;34,2
2615,964;31,7;34,2
2616,964;31,7;34,2
2617,964;31,7;34,2
2618,964;31,7;34,2
2619,964;31,7;34,2
2620,964;31,7;34,2
2621,964;31,6;34,2
2622,964;31,7;34,2
2623,964;31,6;34,2
2624,964;31,7;34,2
2625,964;31,6;34,2
2626,964;31,6;34,2
2627,964;31,7;34,2
2628,964;31,6;34,2
2629,964;31,7;34,2
2630,964;31,7;34,2
2631,964;31,6;34,2
2632,964;31,6;34,2
2633,964;31,7;34,2
2634,964;31,6;34,2
2635,964;31,6;34,2
2636,964;31,6;34,2
2637,964;31,6;34,2
2638,964;31,6;34,2
2639,964;31,6;34,2
2640,964;31,6;34,2
2641,964;31,6;34,2
2642,964;31,6;34,1
2643,964;31,6;34,2
2644,964;31,7;34,2
2645,964;31,6;34,2
2646,964;31,6;34,2
2647,964;31,6;34,2
2648,964;31,6;34,2
2649,964;31,6;34,1
2650,964;31,6;34,2
2651,964;31,6;34,1
2652,964;31,5;34,1
2653,964;31,5;34,1
2654,964;31,5;34,1
2655,964;31,5;34,1
2656,964;31,5;34,1
2657,964;31,5;34,2
2658,964;31,5;34,1
2659,964;31,5;34,1
2660,964;31,5;34,1
2661,964;31,5;34,1
2662,964;31,5;34,1
2663,964;31,4;34,1
2664,964;31,5;34,1
2665,998;31,4;34,1
2666,998;31,5;34,1
2667,998;31,5;34,1
2668,998;31,4;34,1
2669,998;31,4;34,1
2670,998;31,5;34,1
2672,031;31,4;34,1
2673,031;31,5;34,2
2674,031;31,5;34,2
2675,031;31,5;34,2
2676,031;31,4;34,1
2677,031;31,5;34,1
2678,031;31,5;34,1
2679,031;31,5;34,1
2680,031;31,4;34,1
2681,031;31,4;34,1
2682,031;31,4;34,1
2683,031;31,4;34,1
2684,031;31,5;34,1
2685,031;31,5;34
2686,031;31,4;34
2687,031;31,4;34
2688,031;31,4;34
2689,031;31,5;34
2690,031;31,5;34
2691,031;31,4;34
2692,031;31,5;34
2693,031;31,5;34,1
2694,031;31,4;34
2695,031;31,4;34
2696,031;31,4;34
2697,031;31,4;34
2698,031;31,4;34
2699,031;31,4;34,1
2700,031;31,4;34
2701,031;31,4;34
2702,031;31,4;34
2703,031;31,4;34
2704,031;31,4;34
2705,031;31,4;34
2706,031;31,4;34
2707,031;31,4;34,1
2708,031;31,4;34
2709,031;31,4;34
2710,031;31,4;34
2711,031;31,4;34
2712,031;31,4;34
2713,031;31,4;34
2714,031;31,3;34,1
2715,031;31,3;34
2716,031;31,3;34
2717,031;31,3;34
2718,031;31,3;34
2719,031;31,3;34
2720,031;31,3;33,9
2721,031;31,3;34
2722,031;31,3;34
2723,031;31,3;34
2724,031;31,3;33,9
2725,064;31,3;34
2726,064;31,3;34
2727,064;31,3;34
2728,064;31,3;34
2729,064;31,3;34
2730,064;31,3;33,9
2731,064;31,3;33,9
2732,064;31,3;33,9
2733,064;31,3;33,9
2734,064;31,3;33,9
2735,064;31,3;33,9
2736,064;31,3;33,9
2737,064;31,3;33,9
2738,064;31,2;33,9
2739,064;31,3;33,9
2740,064;31,3;33,9
2741,064;31,3;33,9
2742,064;31,3;33,9
2743,064;31,3;33,9
2744,064;31,3;33,9
2745,064;31,3;33,9
2746,064;31,3;33,9
2747,064;31,3;33,9
2748,064;31,3;33,9
2749,064;31,3;33,9
2750,064;31,3;33,9
2751,064;31,2;33,9
2752,064;31,3;33,9
2753,064;31,3;33,9
2754,064;31,2;33,9
2755,064;31,3;33,9
2756,064;31,3;33,9
2757,064;31,3;33,9
2758,064;31,3;33,9
2759,064;31,3;33,9
2760,064;31,3;33,9
2761,064;31,2;33,9
2762,064;31,2;33,9
2763,064;31,2;33,9
2764,064;31,3;33,9
2765,064;31,2;33,9
2766,064;31,3;33,9
2767,064;31,3;33,9
2768,064;31,3;33,9
2769,064;31,3;33,9
2770,064;31,3;34
2771,064;31,3;33,9
2772,064;31,2;33,9
2773,064;31,2;33,9
2774,064;31,3;33,9
2775,064;31,2;33,9
2776,064;31,2;33,9
2777,064;31,2;33,9
2778,064;31,2;33,9
2779,064;31,2;33,9
2780,064;31,2;33,9
2781,064;31,2;33,9
2782,064;31,2;33,9
2783,064;31,2;33,9
2784,064;31,2;33,9
2785,064;31,3;33,9
2786,064;31,2;33,8
2787,064;31,2;33,9
2788,064;31,2;33,9
2789,064;31,2;33,8
2790,064;31,2;33,8
2791,064;31,2;33,8
2792,064;31,2;33,8
2793,064;31,2;33,8
2794,064;31,1;33,9
2795,064;31,1;33,9
2796,064;31,1;33,9
2797,064;31,2;33,9
2798,064;31,1;33,8
2799,064;31,2;33,8
2800,064;31,1;33,9
2801,064;31,2;33,9
2802,064;31,2;33,8
2803,064;31,1;33,8
2804,064;31,1;33,8
2805,064;31,1;33,8
2806,064;31,1;33,8
2807,064;31,1;33,8
2808,064;31,1;33,8
2809,064;31,1;33,8
2810,064;31,1;33,8
2811,064;31,1;33,9
2812,064;31,2;33,8
2813,064;31,1;33,7
2814,064;31,1;33,8
2815,064;31,1;33,8
2816,064;31,1;33,8
2817,064;31,1;33,8
2818,064;31;33,7
2819,064;31,1;33,7
2820,064;31,1;33,8
2821,064;31,1;33,7
2822,064;31,1;33,7
2823,064;31,1;33,7
2824,064;31,1;33,7
2825,064;31,1;33,7
2826,064;31;33,6
2827,064;31;33,7
2828,064;31,1;33,7
2829,064;31;33,6
2830,064;31,1;33,7
2831,064;31,1;33,8
2832,064;31,1;33,7
2833,064;31,1;33,7
2834,064;31,1;33,7
2835,097;31,1;33,6
2836,097;31,1;33,7
2837,097;31,1;33,7
2838,097;31,1;33,7
2839,097;31,1;33,7
2840,097;31,1;33,7
2841,097;31;33,7
2842,097;31;33,7
2843,097;31;33,7
2844,097;31;33,7
2845,097;31;33,7
2846,097;31;33,7
2847,097;31;33,7
2848,097;31;33,7
2849,097;31;33,7
2850,097;31;33,7
2851,097;31;33,6
2852,097;31;33,7
2853,097;31;33,6
2854,097;31;33,6
2855,097;31;33,7
2856,097;31;33,6
2857,097;31;33,7
2858,097;31;33,7
2859,097;31;33,7
2860,097;31;33,7
2861,097;31;33,7
2862,097;31;33,7
2863,097;31;33,6
2864,097;30,9;33,6
2865,097;30,9;33,6
2866,097;31;33,6
2867,097;31;33,6
2868,097;31;33,6
2869,097;31;33,6
2870,097;31;33,6
2871,097;31;33,7
2872,097;31;33,6
2873,097;30,9;33,6
2874,097;31;33,7
2875,097;30,9;33,7
2876,097;30,9;33,6
2877,097;30,9;33,6
2878,097;30,9;33,6
2879,097;30,9;33,6
2880,097;30,9;33,6
2881,097;30,9;33,6
2882,097;30,9;33,6
2883,097;30,9;33,6
2884,097;30,9;33,6
2885,097;30,9;33,6
2886,097;30,9;33,6
2887,097;30,9;33,6
2888,097;30,9;33,6
2889,097;30,9;33,6
2890,097;30,9;33,6
2891,097;30,9;33,6
2892,097;30,9;33,6
2893,097;30,9;33,6
2894,097;30,9;33,6
2895,097;30,9;33,6
2896,097;30,9;33,6
2897,097;30,9;33,6
2898,097;30,9;33,6
2899,097;30,9;33,6
2900,097;30,9;33,6
2901,097;30,9;33,6
2902,097;30,9;33,6
2903,097;30,9;33,5
2904,097;30,9;33,5
2905,097;30,9;33,5
2906,097;30,9;33,6
2907,097;30,9;33,5
2908,097;30,9;33,5
2909,097;30,9;33,5
2910,097;30,9;33,5
2911,097;30,9;33,5
2912,097;30,8;33,6
2913,097;30,8;33,5
2914,097;30,8;33,5
2915,097;30,9;33,5
2916,097;30,9;33,5
2917,097;30,8;33,5
2918,097;30,9;33,6
2919,097;30,8;33,6
2920,097;30,9;33,6
2921,097;30,8;33,6
2922,097;30,8;33,5
2923,097;30,8;33,5
2924,097;30,8;33,5
2925,097;30,8;33,5
2926,097;30,8;33,5
2927,097;30,8;33,5
2928,097;30,7;33,5
2929,097;30,7;33,5
2930,097;30,8;33,5
2931,097;30,7;33,5
2932,097;30,7;33,5
2933,097;30,7;33,6
2934,097;30,7;33,5
2935,097;30,7;33,5
2936,097;30,7;33,5
2937,097;30,8;33,6
2938,097;30,8;33,5
2939,097;30,8;33,6
2940,097;30,8;33,6
2941,097;30,8;33,5
2942,097;30,8;33,6
2943,097;30,7;33,5
2944,097;30,7;33,5
2945,097;30,7;33,6
2946,097;30,7;33,5
2947,097;30,7;33,5
2948,097;30,7;33,5
2949,097;30,7;33,4
2950,097;30,7;33,4
2951,097;30,7;33,5
2952,097;30,7;33,5
2953,097;30,7;33,4
2954,097;30,7;33,5
2955,097;30,7;33,4
2956,097;30,7;33,5
2957,097;30,7;33,4
2958,097;30,7;33,5
2959,097;30,7;33,5
2960,097;30,7;33,4
2961,097;30,7;33,5
2962,097;30,7;33,5
2963,097;30,7;33,4
2964,097;30,7;33,5
2965,097;30,7;33,5
2966,097;30,7;33,4
2967,097;30,7;33,4
2968,097;30,7;33,4
2969,097;30,7;33,5
2970,097;30,7;33,4
2971,097;30,7;33,4
2972,097;30,7;33,4
2973,097;30,7;33,4
2974,097;30,7;33,5
2975,097;30,7;33,5
2976,097;30,7;33,5
2977,097;30,6;33,4
2978,097;30,7;33,4
2979,097;30,7;33,4
2980,097;30,7;33,4
2981,097;30,7;33,4
2982,097;30,7;33,4
2983,097;30,6;33,4
2984,097;30,6;33,4
2985,097;30,6;33,4
2986,097;30,6;33,4
2987,097;30,6;33,4
2988,097;30,6;33,4
2989,097;30,6;33,4
2990,097;30,6;33,5
2991,097;30,6;33,4
2992,097;30,6;33,4
2993,097;30,6;33,4
2994,097;30,7;33,4
2995,097;30,7;33,4
2996,097;30,6;33,4
2997,097;30,7;33,4
2998,097;30,6;33,4
2999,097;30,6;33,4
3000,097;30,7;33,4
3001,097;30,6;33,4
3002,097;30,6;33,4
3003,097;30,6;33,4
3004,097;30,6;33,4
3005,097;30,6;33,4
3006,097;30,6;33,4
3007,097;30,6;33,3
3008,097;30,6;33,4
3009,097;30,6;33,4
3010,097;30,6;33,4
3011,097;30,6;33,4
3012,097;30,6;33,4
3013,097;30,6;33,3
3014,097;30,6;33,4
3015,097;30,6;33,3
3016,097;30,6;33,3
3017,097;30,6;33,3
3018,13;30,6;33,4
3019,13;30,6;33,3
3020,13;30,5;33,4
3021,13;30,5;33,4
3022,13;30,5;33,4
3023,13;30,5;33,4
3024,13;30,5;33,3
3025,13;30,5;33,3
3026,13;30,5;33,3
3027,13;30,5;33,4
3028,13;30,5;33,4
3029,13;30,5;33,3
3030,164;30,5;33,3
3031,164;30,5;33,4
3032,164;30,5;33,3
3033,164;30,5;33,3
3034,164;30,5;33,3
3035,164;30,5;33,3
3036,164;30,5;33,3
3037,164;30,5;33,3
3038,164;30,5;33,3
3039,164;30,5;33,3
3040,164;30,5;33,3
3041,164;30,5;33,3
3042,164;30,5;33,3
3043,164;30,5;33,3
3044,164;30,5;33,3
3045,164;30,4;33,3
3046,164;30,4;33,3
3047,164;30,4;33,2
3048,164;30,4;33,3
3049,164;30,4;33,3
3050,164;30,5;33,3
3051,164;30,5;33,3
3052,164;30,5;33,3
3053,164;30,5;33,3
3054,164;30,5;33,3
3055,164;30,5;33,3
3056,164;30,4;33,3
3057,164;30,5;33,3
3058,164;30,4;33,3
3059,164;30,5;33,3
3060,164;30,5;33,3
3061,164;30,5;33,3
3062,164;30,5;33,3
3063,164;30,4;33,2
3064,164;30,4;33,2
3065,164;30,4;33,2
3066,164;30,4;33,3
3067,164;30,4;33,3
3068,164;30,4;33,3
3069,164;30,4;33,3
3070,164;30,4;33,2
3071,164;30,4;33,3
3072,164;30,4;33,2
3073,164;30,4;33,3
3074,164;30,4;33,3
3075,164;30,4;33,2
3076,164;30,4;33,2
3077,164;30,4;33,3
3078,164;30,4;33,2
3079,164;30,4;33,2
3080,164;30,4;33,2
3081,164;30,4;33,2
3082,164;30,4;33,2
3083,164;30,4;33,2
3084,164;30,3;33,1
3085,164;30,3;33,2
3086,164;30,4;33,2
3087,164;30,3;33,2
3088,164;30,3;33,2
3089,164;30,3;33,1
3090,164;30,4;33,2
3091,164;30,4;33,1
3092,164;30,4;33,1
3093,164;30,4;33,1
3094,164;30,4;33,2
3095,164;30,4;33,1
3096,164;30,4;33,1
3097,164;30,3;33,2
3098,164;30,3;33,1
3099,164;30,3;33,1
3100,164;30,4;33,1
3101,164;30,4;33,2
3102,164;30,3;33,1
3103,164;30,3;33,1
3104,164;30,4;33,2
3105,164;30,4;33,2
3106,164;30,4;33,2
3107,164;30,4;33,2
3108,164;30,4;33,2
3109,164;30,4;33,1
3110,164;30,4;33,1
3111,164;30,4;33,1
3112,164;30,4;33,2
3113,164;30,4;33,2
3114,164;30,4;33,1
3115,164;30,3;33,1
3116,164;30,4;33,1
3117,164;30,3;33,1
3118,164;30,3;33,1
3119,164;30,3;33,1
3120,164;30,3;33,1
3121,164;30,3;33,1
3122,164;30,3;33,1
3123,164;30,3;33,1
3124,164;30,3;33,1
3125,197;30,3;33,1
3126,197;30,3;33,1
3127,197;30,3;33,1
3128,197;30,3;33,1
3129,197;30,3;33,1
3130,197;30,3;33,1
3131,197;30,3;33,1
3132,197;30,3;33,1
3133,197;30,2;33,1
3134,197;30,3;33,1
3135,197;30,3;33,1
3136,197;30,2;33,1
3137,197;30,2;33,1
3138,197;30,3;33,1
3139,197;30,3;33,1
3140,197;30,3;33,1
3141,197;30,3;33,1
3142,197;30,2;33
3143,197;30,3;33,1
3144,197;30,2;33,1
3145,197;30,3;33,1
3146,197;30,3;33
3147,197;30,2;33
3148,197;30,3;33,1
3149,197;30,3;33,1
3150,197;30,2;33
3151,197;30,3;33,1
3152,197;30,2;33,1
3153,197;30,2;33,1
3154,197;30,2;33,1
3155,197;30,2;33
3156,197;30,2;33
3157,197;30,2;33
3158,197;30,2;33
3159,197;30,2;33
3160,197;30,2;33
3161,197;30,2;33
3162,197;30,2;33
3163,197;30,2;33
3164,197;30,2;33
3165,197;30,2;33
3166,197;30,2;33,1
3167,197;30,2;33
3168,197;30,2;33,1
3169,197;30,2;33
3170,197;30,2;33,1
3171,197;30,2;33
3172,197;30,2;33
3173,197;30,2;33
3174,197;30,1;33
3175,197;30,2;33,1
3176,197;30,2;33
3177,197;30,2;33
3178,197;30,2;33
3179,197;30,2;33
3180,197;30,2;33
3181,197;30,2;33
3182,197;30,2;33
3183,197;30,2;33
3184,197;30,2;33
3185,197;30,2;33
3186,197;30,2;33
3187,197;30,1;33
3188,197;30,1;33
3189,23;30,1;33
3190,23;30,1;33
3191,23;30,1;32,9
3192,23;30,1;33
3193,23;30,1;33
3194,23;30,1;33
3195,23;30,1;32,9
3196,23;30,1;33
3197,23;30,1;33
3198,23;30,1;32,9
3199,23;30,1;32,9
3200,23;30,1;33
3201,23;30,1;33
3202,23;30,1;33
3203,23;30,1;33
3204,23;30,1;32,9
3205,23;30,1;32,9
3206,23;30,1;32,9
3207,23;30,1;32,9
3208,23;30,1;32,9
3209,23;30,1;32,9
3210,23;30,1;32,9
3211,23;30,1;32,9
3212,23;30;32,9
3213,23;30;32,9
3214,23;30,1;32,9
3215,23;30;32,9
3216,23;30,1;33
3217,23;30,1;33
3218,23;30;33
3219,23;30,1;32,9
3220,23;30,1;32,9
3221,23;30,1;32,9
3222,23;30;32,9
3223,23;30,1;32,9
3224,23;30,1;32,9
3225,23;30,1;32,9
3226,23;30,1;32,9
3227,23;30,1;32,9
3228,23;30,1;32,9
3229,23;30,1;32,9
3230,23;30,1;32,9
3231,23;30,1;32,9
3232,23;30,1;32,9
3233,23;30,1;32,9
3234,23;30,1;32,9
3235,23;30,1;32,9
3236,23;30,1;32,9
3237,23;30,1;32,9
3238,23;30,1;32,9
3239,23;30;32,9
3240,23;30;32,9
3241,23;30;32,9
3242,23;30;32,9
3243,23;30;32,8
3244,23;30;32,9
3245,23;30;32,8
3246,23;30;32,9
3247,23;30;32,8
3248,23;30;32,8
3249,23;29,9;32,8
3250,23;29,9;32,8
3251,23;29,9;32,8
3252,23;29,9;32,8
3253,23;29,9;32,8
3254,23;29,9;32,8
3255,23;30;32,8
3256,23;29,9;32,8
3257,23;30;32,8
3258,23;30;32,8
3259,23;30;32,8
3260,23;30;32,8
3261,23;29,9;32,8
3262,23;29,9;32,8
3263,23;30;32,8
3264,23;29,9;32,8
3265,23;29,9;32,8
3266,23;29,9;32,8
3267,23;29,9;32,8
3268,23;29,9;32,8
3269,23;29,9;32,8
3270,23;29,9;32,8
3271,23;29,9;32,8
3272,23;29,9;32,8
3273,23;29,8;32,8
3274,23;29,8;32,8
3275,23;29,8;32,8
3276,23;29,9;32,8
3277,23;29,8;32,8
3278,23;29,8;32,8
3279,23;29,9;32,8
3280,23;29,8;32,7
3281,23;29,8;32,8
3282,23;29,8;32,8
3283,23;29,8;32,8
3284,23;29,8;32,8
3285,23;29,8;32,8
3286,23;29,8;32,8
3287,23;29,8;32,8
3288,23;29,8;32,8
3289,23;29,8;32,7
3290,23;29,8;32,8
3291,23;29,8;32,8
3292,23;29,8;32,7
3293,23;29,8;32,8
3294,23;29,8;32,8
3295,23;29,8;32,7
3296,23;29,8;32,7
3297,23;29,8;32,7
3298,23;29,8;32,7
3299,23;29,8;32,7
3300,23;29,8;32,7
3301,23;29,8;32,7
3302,23;29,8;32,7
3303,23;29,8;32,7
3304,23;29,8;32,8
3305,23;29,8;32,8
3306,23;29,8;32,8
3307,23;29,8;32,7
3308,23;29,8;32,7
3309,23;29,8;32,7
3310,23;29,8;32,7
3311,23;29,8;32,7
3312,23;29,8;32,8
3313,23;29,8;32,8
3314,23;29,8;32,7
3315,23;29,8;32,7
3316,23;29,8;32,7
3317,23;29,8;32,7
3318,23;29,8;32,7
3319,23;29,8;32,7
3320,23;29,7;32,6
3321,23;29,7;32,7
3322,23;29,8;32,7
3323,23;29,7;32,7
3324,23;29,7;32,7
3325,23;29,7;32,7
3326,23;29,8;32,7
3327,23;29,7;32,7
3328,23;29,7;32,7
3329,23;29,7;32,7
3330,23;29,7;32,6
3331,23;29,7;32,7
3332,23;29,7;32,7
3333,23;29,7;32,7
3334,23;29,7;32,7
3335,23;29,7;32,7
3336,23;29,7;32,7
3337,23;29,7;32,7
3338,23;29,7;32,7
3339,23;29,7;32,6
3340,23;29,7;32,7
3341,23;29,7;32,7
3342,23;29,6;32,6
3343,23;29,7;32,7
3344,23;29,7;32,6
3345,23;29,7;32,7
3346,23;29,7;32,6
3347,23;29,7;32,6
3348,23;29,7;32,6
3349,23;29,7;32,7
3350,23;29,7;32,7
3351,23;29,7;32,6
3352,23;29,7;32,7
3353,23;29,7;32,6
3354,23;29,7;32,7
3355,23;29,7;32,6
3356,23;29,7;32,7
3357,23;29,7;32,6
3358,23;29,7;32,6
3359,23;29,6;32,6
3360,23;29,7;32,6
3361,23;29,6;32,6
3362,23;29,6;32,6
3363,23;29,6;32,7
3364,23;29,6;32,6
3365,23;29,6;32,6
3366,23;29,6;32,6
3367,23;29,6;32,6
3368,23;29,6;32,7
3369,23;29,6;32,7
3370,23;29,6;32,6
3371,23;29,6;32,6
3372,23;29,6;32,6
3373,263;29,6;32,6
3374,263;29,6;32,6
3375,263;29,6;32,5
3376,263;29,6;32,6
3377,263;29,6;32,6
3378,263;29,6;32,6
3379,263;29,6;32,6
3380,263;29,6;32,6
3381,263;29,6;32,6
3382,263;29,6;32,6
3383,263;29,6;32,5
3384,263;29,6;32,5
3385,263;29,6;32,6
3386,263;29,6;32,6
3387,263;29,6;32,6
3388,263;29,6;32,6
3389,263;29,6;32,6
3390,263;29,6;32,6
3391,263;29,6;32,6
3392,263;29,5;32,6
3393,263;29,5;32,6
3394,263;29,5;32,5
3395,263;29,5;32,6
3396,263;29,6;32,6
3397,263;29,6;32,6
3398,263;29,5;32,6
3399,263;29,5;32,5
3400,263;29,5;32,6
3401,263;29,5;32,5
3402,263;29,6;32,6
3403,263;29,5;32,6
3404,263;29,5;32,5
3405,263;29,5;32,5
3406,263;29,5;32,5
3407,263;29,5;32,5
3408,263;29,5;32,5
3409,263;29,5;32,5
3410,263;29,6;32,6
3411,263;29,5;32,5
3412,263;29,5;32,5
3413,263;29,6;32,5
3414,263;29,6;32,5
3415,263;29,6;32,5
3416,263;29,5;32,5
3417,263;29,6;32,5
3418,263;29,5;32,5
3419,263;29,6;32,6
3420,263;29,6;32,5
3421,263;29,6;32,6
3422,263;29,6;32,5
3423,263;29,6;32,6
3424,263;29,6;32,5
3425,263;29,6;32,5
3426,263;29,6;32,5
3427,263;29,6;32,5
3428,263;29,6;32,5
3429,263;29,6;32,5
3430,263;29,6;32,5
3431,263;29,6;32,5
3432,263;29,6;32,5
3433,263;29,6;32,5
3434,263;29,6;32,5
3435,263;29,6;32,5
3436,263;29,6;32,5
3437,263;29,6;32,6
3438,263;29,5;32,5
3439,263;29,5;32,6
3440,263;29,5;32,5
3441,263;29,5;32,5
3442,263;29,5;32,5
3443,263;29,5;32,5
3444,263;29,5;32,5
3445,263;29,5;32,5
3446,263;29,5;32,5
3447,263;29,5;32,5
3448,263;29,5;32,5
3449,263;29,5;32,5
3450,263;29,5;32,5
3451,263;29,5;32,5
3452,263;29,5;32,5
3453,263;29,5;32,5
3454,263;29,5;32,4
3455,263;29,5;32,4
3456,263;29,5;32,4
3457,263;29,5;32,4
3458,263;29,5;32,4
3459,263;29,5;32,4
3460,263;29,5;32,5
3461,263;29,5;32,4
3462,263;29,5;32,4
3463,263;29,5;32,4
3464,263;29,5;32,4
3465,263;29,8;32,4
3466,263;29,7;32,4
3467,263;29,9;32,4
3468,263;29,5;32,4
3469,263;29,5;32,4
3470,263;29,5;32,4
3471,263;29,8;32,4
3472,263;29,6;32,4
3473,263;29,4;32,4
3474,263;29,6;32,4
3475,263;29,7;32,4
3476,263;29,4;32,4
3477,263;29,3;32,4
3478,263;29,4;32,4
3479,263;29,4;32,4
3480,263;29,4;32,4
3481,263;29,4;32,4
3482,263;29,4;32,3
3483,263;29,4;32,4
3484,263;29,4;32,4
3485,263;29,4;32,4
3486,263;29,4;32,4
3487,263;29,4;32,4
3488,263;29,4;32,3
3489,263;29,4;32,4
3490,263;29,4;32,4
3491,263;29,4;32,3
3492,263;29,4;32,4
3493,263;29,4;32,3
3494,263;29,4;32,4
3495,263;29,4;32,4
3496,263;29,4;32,4
3497,263;29,4;32,4
3498,263;29,4;32,3
3499,263;29,4;32,3
3500,263;29,4;32,3
3501,263;29,4;32,4
3502,263;29,4;32,3
3503,263;29,4;32,3
3504,263;29,4;32,4
3505,263;29,4;32,3
3506,263;29,4;32,3
3507,263;29,4;32,3
3508,263;29,4;32,3
3509,263;29,4;32,3
3510,263;29,3;32,3
3511,263;29,4;32,4
3512,263;29,3;32,3
3513,263;29,3;32,3
3514,263;29,3;32,3
3515,263;29,3;32,3
3516,263;29,3;32,3
3517,263;29,3;32,3
3518,263;29,3;32,3
3519,263;29,3;32,3
3520,263;29,4;32,3
3521,263;29,4;32,3
3522,263;29,3;32,2
3523,263;29,3;32,3
3524,263;29,3;32,3
3525,263;29,3;32,3
3526,263;29,3;32,2
3527,263;29,3;32,2
3528,263;29,3;32,2
3529,263;29,4;32,2
3530,263;29,3;32,2
3531,263;29,3;32,2
3532,263;29,3;32,2
3533,263;29,3;32,2
3534,263;29,3;32,2
3535,263;29,3;32,2
3536,263;29,3;32,2
3537,263;29,3;32,3
3538,263;29,3;32,3
3539,263;29,3;32,3
3540,263;29,3;32,3
3541,263;29,3;32,3
3542,263;29,3;32,3
3543,263;29,3;32,3
3544,263;29,3;32,2
3545,263;29,3;32,3
3546,263;29,3;32,3
3547,263;29,2;32,2
3548,263;29,2;32,3
3549,263;29,2;32,2
3550,263;29,2;32,3
3551,263;29,2;32,2
3552,263;29,3;32,2
3553,263;29,2;32,2
3554,263;29,2;32,2
3555,263;29,2;32,2
3556,263;29,2;32,2
3557,263;29,2;32,2
3558,297;29,3;32,2
3559,297;29,2;32,2
3560,297;29,2;32,2
3561,297;29,2;32,2
3562,297;29,2;32,2
3563,297;29,2;32,1
3564,297;29,2;32,2
3565,297;29,3;32,2
3566,297;29,2;32,2
3567,297;29,2;32,2
3568,297;29,2;32,2
3569,297;29,2;32,2
3570,297;29,2;32,2
3571,297;29,3;32,2
3572,297;29,3;32,2
3573,297;29,3;32,2
3574,297;29,2;32,2
3575,297;29,3;32,2
3576,297;29,3;32,2
3577,297;29,2;32,2
3578,297;29,2;32,2
3579,297;29,2;32,2
3580,297;29,2;32,2
3581,297;29,2;32,2
3582,297;29,3;32,2
3583,297;29,3;32,2
3584,297;29,2;32,1
3585,297;29,2;32,2
3586,297;29,2;32,2
3587,297;29,2;32,1
3588,297;29,2;32,2
3589,297;29,2;32,2
3590,297;29,2;32,1
3591,297;29,2;32,1
3592,297;29,2;32,1
3593,297;29,2;32,1
3594,297;29,2;32,1
3595,297;29,2;32,1
3596,297;29,2;32,1
3597,297;29,2;32,1
3598,297;29,2;32,1
3599,297;29,2;32,1
3600,297;29,2;32,1
3601,297;29,2;32,1
3602,297;29,2;32,1
3603,297;29,2;32,1
3604,297;29,1;32,1
3605,297;29,1;32,1
3606,297;29,1;32,1
3607,297;29,1;32,1
3608,297;29,1;32,1
3609,297;29,1;32,2
3610,297;29,1;32,2
3611,297;29,1;32,1
3612,297;29,1;32,1
3613,297;29,2;32,1
3614,33;29,1;32,1
3615,33;29,2;32,1
3616,33;29,2;32,1
3617,33;29,2;32,2
3618,33;29,1;32,1
3619,33;29,1;32,1
3620,33;29,1;32,1
3621,33;29,1;32,1
3622,33;29,1;32,1
3623,33;29,1;32,1
3624,33;29,1;32,1
3625,33;29,1;32,1
3626,33;29,1;32,1
3627,33;29,1;32,1
3628,33;29,1;32,1
3629,33;29,1;32,1
3630,33;29,1;32,1
3631,33;29,1;32
3632,33;29,1;32,1
3633,33;29,1;32,1
3634,33;29;32
3635,33;29,1;32,1
3636,33;29;32,1
3637,33;29,1;32
3638,33;29,1;32,1
3639,33;29,1;32
3640,33;29,1;32,1
3641,33;29,1;32,1
3642,33;29,1;32
3643,33;29,1;32,1
3644,33;29,1;32,1
3645,33;29,1;32,1
3646,33;29;32,1
3647,33;29,1;32,1
3648,33;29,1;32,1
3649,33;29,1;32,1
3650,33;29,1;32
3651,33;29,1;32
3652,33;29,1;32
3653,363;29,1;32
3654,363;29,1;32
3655,363;29,1;32,1
3656,363;29,1;32
3657,363;29,1;32
3658,363;29,1;32
3659,363;29,1;32,1
3660,363;29,1;32
3661,363;29,1;32
3662,363;29,1;32
3663,363;29,1;32
3664,363;29;32,1
3665,363;29,1;32
3666,363;29,1;32
3667,363;29,1;32
3668,363;29;32
3669,363;29;32,1
3670,363;29,1;32,1
3671,363;29,1;32,1
3672,363;29,1;32
3673,363;29,1;32
3674,363;29;32
3675,363;29,1;32
3676,363;29;32
3677,363;29;32
3678,363;29,1;32
3679,363;29;32
3680,363;29;32
3681,363;29;32
3682,363;29;32
3683,363;29;32
3684,363;29;32
3685,363;29;32
3686,363;29;31,9
3687,363;29;32
3688,363;29;32
3689,363;28,9;32
3690,363;28,9;32
3691,363;28,9;32,1
3692,363;28,9;32
3693,363;29;32
3694,363;29;32,1
3695,363;29;32
3696,363;29;32
3697,363;29;32,1
3698,363;29;32,1
3699,363;28,9;32
3700,363;29;32,1
3701,363;28,9;32
3702,363;28,9;32
3703,396;29;32
3704,396;28,9;32
3705,396;28,9;32
3706,396;28,9;32
3707,396;29;32
3708,396;29;32
3709,396;28,9;32
3710,396;29;32
3711,396;28,9;32
3712,396;28,9;32
3713,396;29;32
3714,396;28,9;32
3715,396;29;32
3716,396;28,9;32
3717,396;28,9;32
3718,396;29;32
3719,396;28,9;32
3720,396;28,9;32
3721,396;28,9;31,9
3722,396;28,9;32
3723,43;28,9;32
3724,43;28,8;32
3725,43;28,9;32
3726,43;28,9;32
3727,43;28,9;32
3728,43;28,9;32
3729,43;28,9;32
3730,43;28,9;32
3731,43;28,9;32
3732,43;28,9;32
3733,43;28,9;32
3734,43;28,9;32
3735,43;28,9;31,9
3736,43;28,9;31,9
3737,43;28,9;31,9
3738,43;28,9;32
3739,43;28,9;32
3740,43;28,9;32
3741,43;28,9;32
3742,43;28,9;32
3743,43;28,9;32
3744,43;28,9;32
3745,43;28,9;32
3746,43;28,9;31,9
3747,43;28,9;31,9
3748,43;28,9;32
3749,43;28,9;32
3750,43;28,9;32
3751,43;28,8;31,9
3752,43;28,8;31,9
3753,43;28,8;31,8
3754,43;28,8;31,9
3755,43;28,8;31,9
3756,43;28,8;31,9
3757,43;28,8;31,8
3758,43;28,8;31,9
3759,43;28,8;31,9
3760,43;28,9;31,9
3761,43;28,8;31,9
3762,43;28,8;31,9
3763,43;28,8;31,9
3764,43;28,8;31,9
3765,43;28,8;31,9
3766,43;28,8;31,8
3767,43;28,8;31,9
3768,43;28,8;31,9
3769,43;28,8;31,9
3770,43;28,8;31,9
3771,43;28,8;31,9
3772,43;28,8;31,8
3773,43;28,8;31,8
3774,43;28,8;31,8
3775,43;28,8;31,8
3776,43;28,8;31,8
3777,43;28,8;31,9
3778,43;28,8;31,8
3779,43;28,8;31,9
3780,43;28,8;31,9
3781,43;28,8;31,9
3782,43;28,8;31,8
3783,43;28,8;31,9
3784,43;28,8;31,8
3785,43;28,8;31,8
3786,43;28,8;31,8
3787,43;28,8;31,8
3788,43;28,8;31,9
3789,43;28,8;31,8
3790,43;28,7;31,7
3791,43;28,7;31,8
3792,43;28,7;31,8
3793,43;28,7;31,8
3794,43;28,7;31,8
3795,43;28,7;31,8
3796,43;28,7;31,8
3797,43;28,7;31,8
3798,43;28,7;31,8
3799,43;28,7;31,8
3800,43;28,7;31,8
3801,43;28,7;31,8
3802,43;28,7;31,8
3803,43;28,7;31,8
3804,43;28,7;31,8
3805,43;28,7;31,8
3806,43;28,7;31,9
3807,43;28,8;31,8
3808,43;28,7;31,8
3809,43;28,7;31,8
3810,43;28,7;31,8
3811,43;28,7;31,8
3812,43;28,7;31,8
3813,43;28,7;31,8
3814,43;28,7;31,8
3815,43;28,7;31,8
3816,43;28,7;31,8
3817,43;28,8;31,8
3818,43;28,8;31,8
3819,43;28,8;31,8
3820,43;28,7;31,8
3821,43;28,7;31,8
3822,43;28,7;31,7
3823,43;28,7;31,8
3824,43;28,7;31,8
3825,43;28,6;31,8
3826,43;28,7;31,8
3827,43;28,7;31,8
3828,43;28,7;31,8
3829,43;28,6;31,8
3830,43;28,7;31,8
3831,43;28,7;31,8
3832,43;28,7;31,7
3833,43;28,7;31,8
3834,43;28,6;31,8
3835,43;28,6;31,8
3836,43;28,6;31,8
3837,43;28,6;31,8
3838,43;28,6;31,8
3839,43;28,6;31,7
3840,43;28,6;31,8
3841,43;28,7;31,8
3842,43;28,6;31,7
3843,43;28,6;31,7
3844,43;28,6;31,8
3845,43;28,6;31,7
3846,43;28,6;31,8
3847,43;28,6;31,7
3848,43;28,6;31,7
3849,43;28,6;31,8
3850,43;28,6;31,8
3851,43;28,6;31,7
3852,43;28,6;31,7
3853,43;28,6;31,7
3854,43;28,6;31,7
3855,43;28,6;31,8
3856,43;28,6;31,7
3857,43;28,6;31,7
3858,43;28,6;31,7
3859,43;28,6;31,7
3860,43;28,6;31,7
3861,43;28,6;31,7
3862,43;28,6;31,7
3863,43;28,6;31,7
3864,43;28,6;31,7
3865,43;28,6;31,7
3866,43;28,6;31,6
3867,43;28,6;31,6
3868,463;28,6;31,7
3869,463;28,6;31,7
3870,463;28,6;31,6
3871,463;28,6;31,6
3872,463;28,6;31,7
3873,463;28,6;31,7
3874,463;28,6;31,6
3875,463;28,6;31,6
3876,463;28,6;31,6
3877,463;28,5;31,7
3878,463;28,6;31,7
3879,463;28,5;31,7
3880,463;28,5;31,7
3881,463;28,6;31,7
3882,463;28,6;31,6
3883,463;28,6;31,6
3884,463;28,6;31,7
3885,463;28,6;31,7
3886,463;28,6;31,7
3887,463;28,6;31,7
3888,463;28,6;31,7
3889,463;28,5;31,6
3890,463;28,5;31,6
3891,463;28,6;31,6
3892,463;28,5;31,7
3893,463;28,5;31,6
3894,463;28,5;31,7
3895,463;28,5;31,6
3896,463;28,5;31,6
3897,463;28,5;31,6
3898,463;28,5;31,6
3899,463;28,5;31,6
3900,463;28,5;31,6
3901,463;28,5;31,6
3902,463;28,6;31,6
3903,463;28,5;31,6
3904,463;28,5;31,6
3905,463;28,5;31,6
3906,463;28,5;31,7
3907,463;28,5;31,7
3908,463;28,5;31,6
3909,463;28,5;31,6
3910,463;28,5;31,7
3911,463;28,5;31,6
3912,463;28,6;31,6
3913,463;28,5;31,6
3914,463;28,6;31,6
3915,463;28,6;31,6
3916,463;28,5;31,6
3917,463;28,5;31,6
3918,463;28,5;31,6
3919,463;28,5;31,6
3920,463;28,5;31,6
3921,463;28,5;31,6
3922,463;28,5;31,6
3923,463;28,4;31,6
3924,463;28,4;31,6
3925,463;28,5;31,6
3926,463;28,4;31,6
3927,463;28,4;31,6
3928,463;28,4;31,5
3929,463;28,4;31,6
3930,463;28,4;31,6
3931,463;28,4;31,6
3932,463;28,4;31,6
3933,463;28,4;31,6
3934,463;28,4;31,6
3935,463;28,5;31,6
3936,463;28,4;31,5
3937,463;28,4;31,6
3938,463;28,4;31,6
3939,463;28,4;31,5
3940,463;28,4;31,6
3941,463;28,4;31,5
3942,463;28,4;31,6
3943,463;28,4;31,6
3944,463;28,4;31,5
3945,463;28,4;31,6
3946,463;28,4;31,5
3947,463;28,4;31,6
3948,463;28,4;31,5
3949,463;28,4;31,6
3950,463;28,4;31,6
3951,463;28,5;31,6
3952,463;28,4;31,5
3953,463;28,4;31,5
3954,463;28,4;31,5
3955,463;28,4;31,5
3956,463;28,4;31,5
3957,463;28,4;31,5
3958,463;28,4;31,6
3959,463;28,4;31,5
3960,463;28,4;31,5
3961,463;28,3;31,5
3962,463;28,4;31,5
3963,463;28,4;31,5
3964,496;28,4;31,5
3965,496;28,3;31,5
3966,496;28,4;31,5
3967,496;28,3;31,5
3968,496;28,3;31,5
3969,496;28,4;31,5
3970,496;28,4;31,5
3971,496;28,4;31,5
3972,496;28,4;31,5
3973,496;28,4;31,5
3974,496;28,4;31,6
3975,496;28,4;31,5
3976,496;28,4;31,5
3977,496;28,4;31,5
3978,496;28,4;31,5
3979,496;28,4;31,5
3980,496;28,4;31,5
3981,496;28,4;31,5
3982,496;28,4;31,5
3983,496;28,4;31,6
3984,496;28,3;31,5
3985,496;28,3;31,5
3986,496;28,3;31,5
3987,496;28,4;31,5
3988,496;28,3;31,5
3989,496;28,3;31,5
3990,496;28,3;31,5
3991,496;28,4;31,5
3992,496;28,3;31,5
3993,496;28,3;31,4
3994,496;28,4;31,5
3995,496;28,3;31,5
3996,496;28,3;31,4
3997,496;28,3;31,4
3998,496;28,3;31,5
3999,496;28,3;31,5
4000,496;28,3;31,5
4001,496;28,3;31,4
4002,496;28,3;31,5
4003,496;28,4;31,5
4004,496;28,3;31,5
4005,496;28,3;31,5
4006,496;28,3;31,4
4007,496;28,3;31,4
4008,496;28,3;31,5
4009,496;28,3;31,5
4010,496;28,3;31,5
4011,496;28,3;31,4
4012,496;28,3;31,5
4013,496;28,3;31,4
4014,496;28,3;31,4
4015,496;28,3;31,5
4016,496;28,3;31,5
4017,496;28,3;31,4
4018,496;28,3;31,5
4019,496;28,3;31,5
4020,496;28,3;31,4
4021,496;28,3;31,4
4022,496;28,3;31,4
4023,496;28,3;31,5
4024,496;28,3;31,5
4025,496;28,3;31,5
4026,496;28,3;31,5
4027,496;28,3;31,5
4028,496;28,2;31,4
4029,496;28,3;31,4
4030,496;28,3;31,5
4031,496;28,2;31,4
4032,496;28,3;31,4
4033,496;28,3;31,4
4034,496;28,2;31,4
4035,496;28,3;31,4
4036,496;28,2;31,4
4037,496;28,3;31,4
4038,496;28,3;31,4
4039,496;28,3;31,4
4040,496;28,3;31,4
4041,496;28,3;31,4
4042,496;28,3;31,4
4043,496;28,3;31,4
4044,496;28,3;31,4
4045,496;28,3;31,4
4046,496;28,3;31,4
4047,496;28,2;31,3
4048,496;28,3;31,4
4049,496;28,3;31,4
4050,496;28,3;31,4
4051,496;28,3;31,4
4052,496;28,3;31,4
4053,496;28,3;31,4
4054,496;28,2;31,4
4055,496;28,3;31,4
4056,496;28,2;31,4
4057,496;28,2;31,3
4058,496;28,2;31,4
4059,496;28,2;31,4
4060,496;28,2;31,3
4061,496;28,2;31,3
4062,496;28,2;31,3
4063,496;28,2;31,3
4064,496;28,2;31,3
4065,496;28,2;31,4
4066,496;28,2;31,4
4067,496;28,2;31,4
4068,496;28,2;31,3
4069,496;28,2;31,3
4070,496;28,2;31,3
4071,496;28,2;31,3
4072,496;28,2;31,4
4073,496;28,2;31,3
4074,496;28,2;31,4
4075,496;28,1;31,3
4076,496;28,2;31,3
4077,496;28,2;31,3
4078,496;28,2;31,3
4079,496;28,2;31,3
4080,496;28,1;31,3
4081,496;28,2;31,3
4082,496;28,1;31,3
4083,496;28,1;31,3
4084,496;28,1;31,3
4085,496;28,1;31,3
4086,496;28,2;31,3
4087,496;28,1;31,3
4088,496;28,1;31,3
4089,496;28,1;31,4
4090,496;28,1;31,4
4091,496;28,1;31,3
4092,496;28,1;31,4
4093,496;28,1;31,3
4094,496;28,1;31,4
4095,496;28,1;31,3
4096,496;28,1;31,3
4097,496;28;31,3
4098,496;28,1;31,4
4099,496;28,1;31,3
4100,496;28,1;31,3
4101,496;28,1;31,3
4102,496;28,1;31,4
4103,496;28,1;31,4
4104,496;28,1;31,4
4105,496;28,1;31,3
4106,496;28,1;31,4
4107,496;28,1;31,3
4108,496;28,1;31,3
4109,496;28,1;31,3
4110,496;28,1;31,3
4111,496;28,1;31,3
4112,496;28,1;31,2
4113,496;28,1;31,2
4114,496;28,1;31,2
4115,496;28,1;31,3
4116,496;28,1;31,3
4117,496;28;31,3
4118,496;28,1;31,2
4119,496;28,1;31,3
4120,496;28,1;31,3
4121,496;28,1;31,3
4122,496;28,1;31,2
4123,496;28,1;31,3
4124,496;28,1;31,3
4125,496;28,1;31,3
4126,496;28,1;31,2
4127,496;28,1;31,3
4128,496;28,1;31,2
4129,496;28,1;31,2
4130,496;28,1;31,2
4131,496;28,1;31,3
4132,496;28,1;31,2
4133,496;28,1;31,3
4134,496;28,1;31,2
4135,496;28,1;31,3
4136,496;28,1;31,3
4137,496;28,1;31,3
4138,496;28,1;31,2
4139,496;28,1;31,2
4140,496;28,1;31,2
4141,496;28,1;31,2
4142,496;28,1;31,2
4143,496;28,1;31,2
4144,496;28,1;31,3
4145,496;28,1;31,2
4146,496;28,1;31,2
4147,496;28,1;31,2
4148,496;28,1;31,2
4149,496;28,1;31,3
4150,496;28;31,2
4151,496;28,1;31,2
4152,496;28;31,2
4153,496;28,1;31,2
4154,496;28,1;31,2
4155,496;28;31,2
4156,496;28;31,2
4157,496;28;31,1
4158,496;28;31,2
4159,496;28;31,2
4160,496;28;31,2
4161,496;28;31,1
4162,496;28;31,2
4163,496;28;31,2
4164,496;28;31,2
4165,496;28;31,2
4166,496;28;31,2
4167,496;28;31,2
4168,496;28;31,2
4169,496;28;31,2
4170,496;28;31,2
4171,496;28;31,2
4172,496;27,9;31,2
4173,496;27,9;31,2
4174,496;28;31,3
4175,496;28;31,2
4176,496;27,9;31,1
4177,496;28;31,2
4178,496;28;31,2
4179,496;27,9;31,2
4180,496;27,9;31,2
4181,496;27,9;31,2
4182,496;27,9;31,1
4183,496;27,9;31,2
4184,496;27,9;31,1
4185,496;27,9;31,2
4186,496;27,9;31,2
4187,496;27,9;31,1
4188,496;27,9;31,1
4189,496;27,9;31,1
4190,496;27,9;31,1
4191,496;27,9;31,1
4192,496;27,9;31,1
4193,496;27,9;31,1
4194,496;27,9;31,1
4195,496;28;31,2
4196,496;27,9;31,2
4197,496;27,9;31,2
4198,496;27,9;31,2
4199,496;28;31,2
4200,496;27,9;31,2
4201,496;27,9;31,1
4202,496;27,9;31,2
4203,496;28;31,1
4204,496;28;31,1
4205,496;28;31,1
4206,496;28;31,1
4207,496;28;31,1
4208,496;28;31,1
4209,496;28;31,1
4210,496;27,9;31,1
4211,496;27,9;31,1
4212,496;27,9;31,1
4213,496;27,9;31,1
4214,496;27,9;31,1
4215,496;27,9;31,2
4216,496;27,9;31,1
4217,496;27,9;31,1
4218,496;27,9;31,1
4219,496;27,9;31,1
4220,496;27,9;31,1
4221,496;27,9;31,1
4222,496;27,9;31,1
4223,496;27,9;31,1
4224,496;27,9;31,1
4225,496;27,9;31,1
4226,496;27,9;31,1
4227,496;27,9;31,1
4228,496;27,9;31,1
4229,496;27,9;31,1
4230,496;27,9;31,1
4231,496;27,9;31,1
4232,496;27,9;31,1
4233,496;27,9;31,1
4234,496;28;31,2
4235,496;28;31,1
4236,496;27,9;31,1
4237,496;27,9;31,1
4238,496;27,9;31,1
4239,496;27,9;31,1
4240,496;27,9;31,1
4241,496;27,9;31,1
4242,496;27,9;31
4243,496;27,9;31,1
4244,496;27,9;31,1
4245,496;27,9;31,1
4246,496;27,9;31
4247,496;27,9;31,1
4248,496;27,9;31,1
4249,496;27,9;31,1
4250,496;27,9;31,1
4251,496;27,9;31,1
4252,496;27,9;31,1
4253,496;27,9;31,1
4254,496;27,9;31,1
4255,496;27,9;31,1
4256,496;27,9;31,1
4257,496;27,9;31,1
4258,496;27,9;31,1
4259,496;27,9;31,1
4260,496;27,9;31,1
4261,496;27,9;31
4262,496;27,9;31,1
4263,496;27,9;31,1
4264,496;27,9;31
4265,496;27,9;31
4266,496;27,9;31
4267,496;27,9;31
4268,496;27,9;31
4269,496;27,9;31,1
4270,496;27,9;31,1
4271,496;27,9;31
4272,496;27,9;31
4273,496;27,9;31
4274,496;27,9;31
4275,529;27,8;31
4276,529;27,8;31,1
4277,529;27,8;31
4278,529;27,8;31,1
4279,529;27,8;31
4280,529;27,8;31
4281,529;27,8;31,1
4282,529;27,8;31,1
4283,529;27,8;31
4284,529;27,8;31
4285,529;27,8;31,1
4286,529;27,8;31
4287,529;27,8;31
4288,529;27,8;31
4289,529;27,8;31
4290,529;27,8;31
4291,529;27,8;31
4292,529;27,8;31
4293,529;27,9;31,1
4294,529;27,8;31
4295,529;27,9;31,1
4296,529;27,8;31,1
4297,529;27,8;31,1
4298,529;27,8;31
4299,529;27,8;31,1
4300,529;27,8;31
4301,529;27,8;31
4302,529;27,8;31
4303,529;27,8;31
4304,529;27,8;31
4305,529;27,8;31,1
4306,529;27,8;31
4307,529;27,8;31
4308,529;27,8;31
4309,529;27,8;31
4310,529;27,8;31
4311,529;27,7;31
4312,529;27,8;31
4313,529;27,7;31
4314,529;27,8;31
4315,529;27,8;31
4316,529;27,8;31
4317,529;27,8;31
4318,529;27,8;31
4319,562;27,8;31
4320,562;27,8;31
4321,562;27,8;31
4322,562;27,8;31
4323,562;27,7;31
4324,562;27,8;31
4325,562;27,8;31
4326,562;27,8;31
4327,562;27,8;31
4328,562;27,8;31
4329,562;27,7;31
4330,562;27,7;31
4331,562;27,8;30,9
4332,596;27,7;30,9
4333,596;27,7;30,9
4334,596;27,8;30,9
4335,596;27,8;30,9
4336,596;27,8;30,9
4337,596;27,8;30,9
4338,596;27,8;31
4339,596;27,8;30,9
4340,596;27,8;30,9
4341,596;27,8;30,9
4342,596;27,8;30,9
4343,596;27,8;30,9
4344,596;27,8;30,9
4345,596;27,7;30,9
4346,596;27,7;31
4347,596;27,7;30,9
4348,596;27,8;30,9
4349,596;27,8;30,9
4350,596;27,8;31
4351,596;27,7;30,9
4352,596;27,7;30,9
4353,596;27,8;30,9
4354,596;27,8;30,9
4355,596;27,8;30,9
4356,596;27,7;30,9
4357,596;27,7;30,9
4358,596;27,8;30,9
4359,596;27,8;30,9
4360,596;27,8;31
4361,596;27,8;30,9
4362,596;27,7;30,9
4363,596;27,8;30,9
4364,596;27,7;30,9
4365,596;27,8;30,9
4366,596;27,7;31
4367,596;27,7;30,9
4368,596;27,7;30,9
4369,596;27,7;30,9
4370,596;27,7;30,9
4371,596;27,7;30,8
4372,596;27,7;30,8
4373,596;27,7;30,9
4374,596;27,7;30,8
4375,596;27,7;30,9
4376,596;27,7;30,8
4377,596;27,7;30,8
4378,596;27,7;30,9
4379,596;27,7;30,9
4380,596;27,7;30,9
4381,596;27,7;30,9
4382,596;27,7;30,9
4383,596;27,7;30,9
4384,596;27,7;30,8
4385,596;27,7;30,9
4386,596;27,7;30,9
4387,596;27,6;30,8
4388,596;27,7;30,9
4389,596;27,7;30,9
4390,596;27,7;30,9
4391,596;27,7;30,9
4392,596;27,7;30,9
4393,596;27,7;30,9
4394,596;27,7;30,9
4395,596;27,7;30,9
4396,596;27,7;30,9
4397,596;27,7;30,9
4398,596;27,7;30,9
4399,596;27,7;30,9
4400,596;27,7;30,9
4401,596;27,7;30,9
4402,596;27,6;30,8
4403,596;27,6;30,8
4404,596;27,7;30,9
4405,596;27,6;30,9
4406,596;27,6;30,9
4407,596;27,6;30,8
4408,596;27,6;30,9
4409,596;27,6;30,9
4410,596;27,6;30,8
4411,596;27,6;30,9
4412,596;27,6;30,9
4413,596;27,6;30,8
4414,596;27,6;30,8
4415,596;27,6;30,9
4416,596;27,6;30,8
4417,596;27,6;30,9
4418,596;27,6;30,9
4419,596;27,6;30,9
4420,596;27,6;30,8
4421,596;27,6;30,9
4422,596;27,6;30,8
4423,596;27,6;30,8
4424,596;27,6;30,8
4425,596;27,6;30,8
4426,596;27,6;30,9
4427,596;27,6;30,8
4428,596;27,6;30,8
4429,596;27,6;30,8
4430,596;27,6;30,8
4431,596;27,6;30,8
4432,596;27,6;30,8
4433,596;27,6;30,8
4434,596;27,6;30,9
4435,596;27,6;30,8
4436,596;27,6;30,8
4437,596;27,5;30,8
4438,596;27,5;30,8
4439,596;27,6;30,8
4440,596;27,6;30,8
4441,596;27,6;30,8
4442,596;27,6;30,8
4443,596;27,6;30,8
4444,596;27,6;30,9
4445,596;27,6;30,8
4446,629;27,5;30,8
4447,629;27,5;30,8
4448,629;27,5;30,8
4449,629;27,5;30,8
4450,629;27,5;30,8
4451,629;27,5;30,8
4452,629;27,5;30,8
4453,629;27,5;30,8
4454,629;27,5;30,8
4455,629;27,5;30,8
4456,629;27,5;30,8
4457,629;27,5;30,8
4458,629;27,5;30,8
4459,629;27,5;30,8
4460,629;27,5;30,8
4461,629;27,5;30,7
4462,629;27,5;30,8
4463,629;27,5;30,7
4464,629;27,5;30,7
4465,629;27,5;30,7
4466,629;27,5;30,7
4467,629;27,5;30,7
4468,629;27,5;30,7
4469,629;27,5;30,7
4470,629;27,5;30,7
4471,629;27,5;30,8
4472,629;27,5;30,7
4473,629;27,5;30,8
4474,629;27,5;30,7
4475,629;27,4;30,7
4476,629;27,5;30,7
4477,629;27,4;30,7
4478,629;27,4;30,7
4479,629;27,4;30,6
4480,629;27,5;30,7
4481,629;27,5;30,7
4482,629;27,5;30,7
4483,629;27,5;30,7
4484,629;27,5;30,7
4485,629;27,5;30,7
4486,629;27,5;30,7
4487,629;27,5;30,6
4488,629;27,5;30,7
4489,629;27,4;30,6
4490,629;27,4;30,7
4491,629;27,5;30,7
4492,629;27,5;30,7
4493,629;27,4;30,7
4494,629;27,4;30,7
4495,629;27,5;30,7
4496,629;27,4;30,7
4497,629;27,5;30,7
4498,629;27,4;30,6
4499,629;27,5;30,7
4500,629;27,5;30,7
4501,629;27,4;30,6
4502,629;27,4;30,6
4503,629;27,4;30,6
4504,629;27,4;30,7
4505,629;27,4;30,6
4506,629;27,4;30,7
4507,629;27,4;30,6
4508,629;27,4;30,7
4509,629;27,4;30,7
4510,629;27,4;30,6
4511,629;27,4;30,6
4512,629;27,4;30,7
4513,629;27,4;30,7
4514,629;27,4;30,6
4515,629;27,4;30,6
4516,629;27,4;30,6
4517,629;27,4;30,6
4518,629;27,4;30,6
4519,629;27,4;30,6
4520,629;27,4;30,6
4521,629;27,4;30,7
4522,629;27,4;30,6
4523,629;27,4;30,6
4524,629;27,4;30,6
4525,629;27,4;30,6
4526,629;27,4;30,6
4527,629;27,4;30,6
4528,629;27,4;30,6
4529,629;27,4;30,6
4530,629;27,4;30,6
4531,629;27,4;30,6
4532,629;27,4;30,6
4533,629;27,4;30,6
4534,629;27,4;30,6
4535,629;27,4;30,7
4536,629;27,4;30,6
4537,629;27,4;30,6
4538,629;27,4;30,7
4539,629;27,4;30,6
4540,629;27,4;30,7
4541,629;27,4;30,6
4542,629;27,4;30,6
4543,629;27,4;30,6
4544,629;27,4;30,6
4545,629;27,3;30,6
4546,629;27,3;30,5
4547,629;27,3;30,6
4548,629;27,3;30,6
4549,629;27,3;30,6
4550,629;27,4;30,6
4551,629;27,3;30,6
4552,629;27,3;30,6
4553,629;27,3;30,6
4554,629;27,3;30,6
4555,629;27,4;30,5
4556,629;27,3;30,6
4557,629;27,3;30,5
4558,629;27,3;30,6
4559,629;27,3;30,6
4560,629;27,3;30,6
4561,629;27,3;30,6
4562,629;27,3;30,6
4563,629;27,3;30,6
4564,629;27,3;30,6
4565,629;27,3;30,6
4566,629;27,3;30,6
4567,629;27,3;30,5
4568,629;27,3;30,5
4569,629;27,3;30,5
4570,629;27,3;30,6
4571,629;27,3;30,5
4572,629;27,4;30,6
4573,629;27,3;30,5
4574,629;27,3;30,6
4575,629;27,3;30,5
4576,629;27,3;30,5
4577,629;27,3;30,6
4578,629;27,3;30,5
4579,629;27,3;30,6
4580,629;27,3;30,6
4581,629;27,2;30,5
4582,629;27,3;30,5
4583,629;27,2;30,6
4584,629;27,3;30,5
4585,629;27,3;30,6
4586,629;27,3;30,5
4587,629;27,3;30,5
4588,629;27,3;30,5
4589,629;27,3;30,5
4590,629;27,3;30,5
4591,629;27,3;30,6
4592,662;27,3;30,6
4593,662;27,3;30,6
4594,662;27,3;30,6
4595,662;27,3;30,6
4596,662;27,3;30,6
4597,662;27,3;30,5
4598,662;27,3;30,5
4599,662;27,3;30,5
4600,662;27,2;30,5
4601,662;27,2;30,5
4602,662;27,2;30,5
4603,662;27,2;30,5
4604,662;27,3;30,5
4605,662;27,2;30,5
4606,662;27,2;30,5
4607,662;27,3;30,5
4608,662;27,2;30,5
4609,662;27,2;30,5
4610,662;27,2;30,5
4611,662;27,2;30,5
4612,662;27,2;30,5
4613,662;27,2;30,5
4614,662;27,2;30,5
4615,662;27,3;30,5
4616,662;27,3;30,5
4617,662;27,3;30,5
4618,662;27,3;30,5
4619,662;27,3;30,5
4620,662;27,3;30,5
4621,662;27,3;30,5
4622,662;27,3;30,5
4623,662;27,3;30,5
4624,662;27,2;30,5
4625,662;27,3;30,5
4626,662;27,2;30,5
4627,662;27,3;30,5
4628,662;27,3;30,5
4629,662;27,3;30,5
4630,662;27,2;30,5
4631,662;27,2;30,5
4632,662;27,2;30,5
4633,662;27,3;30,4
4634,662;27,2;30,5
4635,662;27,2;30,5
4636,662;27,2;30,5
4637,662;27,2;30,4
4638,662;27,2;30,4
4639,662;27,2;30,5
4640,662;27,2;30,5
4641,662;27,2;30,5
4642,662;27,2;30,4
4643,662;27,2;30,4
4644,662;27,2;30,4
4645,662;27,2;30,4
4646,662;27,2;30,4
4647,662;27,2;30,5
4648,662;27,1;30,4
4649,662;27,1;30,4
4650,662;27,1;30,4
4651,662;27,2;30,4
4652,662;27,2;30,5
4653,662;27,2;30,4
4654,662;27,2;30,4
4655,662;27,2;30,5
4656,662;27,2;30,4
4657,662;27,2;30,5
4658,662;27,2;30,5
4659,662;27,2;30,4
4660,662;27,1;30,5
4661,662;27,2;30,4
4662,662;27,1;30,4
4663,662;27,1;30,5
4664,662;27,1;30,5
4665,662;27,1;30,5
4666,662;27,1;30,4
4667,662;27,1;30,4
4668,662;27,1;30,5
4669,662;27,2;30,4
4670,662;27,1;30,4
4671,662;27,1;30,4
4672,662;27,1;30,4
4673,662;27,1;30,4
4674,662;27,1;30,4
4675,662;27,1;30,4
4676,662;27,1;30,5
4677,662;27,1;30,4
4678,662;27,1;30,4
4679,662;27,1;30,4
4680,662;27,1;30,4
4681,662;27,1;30,4
4682,662;27,1;30,4
4683,662;27,1;30,4
4684,662;27,1;30,4
4685,662;27,1;30,4
4686,662;27,1;30,4
4687,662;27,1;30,4
4688,662;27,1;30,3
4689,662;27,1;30,3
4690,662;27,1;30,4
4691,662;27,1;30,4
4692,662;27,1;30,4
4693,662;27,1;30,3
4694,662;27,1;30,4
4695,662;27,1;30,4
4696,662;27,1;30,4
4697,662;27,1;30,4
4698,662;27,1;30,4
4699,662;27,1;30,4
4700,695;27,1;30,4
4701,695;27;30,4
4702,695;27,1;30,4
4703,695;27,1;30,4
4704,695;27,1;30,3
4705,695;27;30,4
4706,695;27,1;30,3
4707,695;27,1;30,3
4708,695;27,1;30,4
4709,695;27,1;30,4
4710,695;27,1;30,4
4711,695;27,1;30,4
4712,695;27,1;30,4
4713,695;27;30,4
4714,695;27;30,3
4715,695;27;30,4
4716,695;27,1;30,4
4717,695;27,1;30,4
4718,695;27,1;30,3
4719,695;27,1;30,4
4720,695;27;30,3
4721,695;27,1;30,4
4722,695;27;30,3
4723,695;27,1;30,3
4724,695;27;30,3
4725,695;27,1;30,3
4726,695;27;30,3
4727,695;27,1;30,2
4728,695;27,1;30,3
4729,695;27,1;30,2
4730,695;27,1;30,3
4731,695;27,1;30,3
4732,695;27;30,3
4733,695;27,1;30,3
4734,695;27,1;30,3
4735,695;27,1;30,3
4736,695;27,1;30,3
4737,695;27,1;30,3
4738,695;27,1;30,3
4739,695;27,1;30,3
4740,695;27,1;30,3
4741,695;27;30,3
4742,695;27,1;30,3
4743,695;27,1;30,3
4744,695;27,1;30,2
4745,695;27,1;30,2
4746,695;27;30,3
4747,695;27;30,3
4748,695;27;30,3
4749,695;27;30,3
4750,695;27,1;30,3
4751,695;27;30,2
4752,695;27;30,3
4753,695;27;30,3
4754,695;27;30,3
4755,695;27;30,3
4756,695;27;30,2
4757,695;27;30,3
4758,695;27;30,3
4759,695;27;30,3
4760,695;27;30,3
4761,695;27;30,3
4762,695;27;30,3
4763,695;27;30,2
4764,695;27;30,3
4765,695;27;30,3
4766,695;27;30,2
4767,695;27;30,2
4768,695;27;30,2
4769,695;27;30,2
4770,695;27;30,3
4771,695;27;30,2
4772,695;27;30,3
4773,695;27;30,3
4774,695;27;30,3
4775,695;27;30,2
4776,695;27;30,2
4777,695;27;30,2
4778,695;27;30,2
4779,695;27;30,2
4780,695;26,9;30,2
4781,695;26,9;30,2
4782,695;26,9;30,2
4783,695;26,9;30,2
4784,695;26,9;30,2
4785,695;27;30,2
4786,695;26,9;30,2
4787,695;26,9;30,3
4788,695;26,9;30,2
4789,695;26,9;30,2
4790,695;26,9;30,3
4791,695;27;30,2
4792,695;26,9;30,2
4793,695;27;30,2
4794,695;26,9;30,2
4795,695;26,9;30,3
4796,695;26,9;30,2
4797,695;26,9;30,2
4798,695;26,9;30,2
4799,695;26,9;30,2
4800,695;26,9;30,2
4801,695;26,9;30,3
4802,695;26,9;30,2
4803,695;26,9;30,2
4804,695;26,9;30,3
4805,695;26,9;30,3
4806,695;26,9;30,2
4807,695;26,9;30,3
4808,729;26,9;30,2
4809,729;26,9;30,2
4810,729;26,9;30,2
4811,729;26,9;30,2
4812,729;26,9;30,2
4813,729;26,9;30,2
4814,729;26,9;30,2
4815,729;26,9;30,2
4816,729;26,9;30,2
4817,729;26,9;30,1
4818,729;26,9;30,2
4819,729;26,9;30,2
4820,729;26,9;30,2
4821,729;26,9;30,2
4822,729;26,9;30,2
4823,729;26,9;30,2
4824,729;26,9;30,2
4825,729;26,9;30,2
4826,729;26,9;30,2
4827,729;26,9;30,2
4828,729;26,8;30,2
4829,729;26,8;30,2
4830,729;26,8;30,2
4831,729;26,8;30,2
4832,729;26,8;30,2
4833,729;26,8;30,2
4834,729;26,8;30,2
4835,729;26,9;30,2
4836,729;26,8;30,2
4837,729;26,8;30,1
4838,729;26,8;30,1
4839,729;26,8;30,2
4840,729;26,8;30,1
4841,729;26,8;30,2
4842,729;26,8;30,2
4843,729;26,9;30,1
4844,729;26,9;30,1
4845,729;26,9;30,2
4846,729;26,9;30,2
4847,729;26,9;30,2
4848,729;26,9;30,2
4849,729;26,8;30,1
4850,729;26,8;30,2
4851,729;26,8;30,1
4852,729;26,9;30,2
4853,729;26,9;30,1
4854,729;26,9;30,2
4855,729;26,9;30,1
4856,729;26,9;30,2
4857,729;26,9;30,2
4858,729;26,9;30,2
4859,729;26,9;30,2
4860,729;26,9;30,2
4861,729;26,9;30,1
4862,729;26,9;30,2
4863,729;26,9;30,1
4864,729;26,9;30,1
4865,729;26,9;30,1
4866,729;26,9;30,2
4867,729;26,9;30,2
4868,729;26,9;30,1
4869,729;26,8;30,1
4870,729;26,9;30,2
4871,729;26,9;30,2
4872,729;26,8;30,1
4873,729;26,8;30,1
4874,729;26,8;30,1
4875,729;26,8;30,2
4876,729;26,9;30,2
4877,729;26,8;30,2
4878,729;26,8;30,1
4879,729;26,9;30,1
4880,729;26,8;30,1
4881,729;26,8;30,1
4882,729;26,8;30,1
4883,729;26,8;30,1
4884,729;26,8;30,1
4885,729;26,8;30,1
4886,729;26,8;30,1
4887,729;26,8;30,1
4888,729;26,8;30,1
4889,729;26,8;30,2
4890,729;26,8;30,2
4891,729;26,8;30,2
4892,729;26,8;30,2
4893,729;26,8;30,2
4894,729;26,8;30,1
4895,729;26,8;30,1
4896,729;26,8;30,2
4897,729;26,8;30,1
4898,729;26,8;30,2
4899,729;26,8;30,1
4900,729;26,8;30,1
4901,729;26,8;30,1
4902,729;26,8;30,1
4903,729;26,8;30,1
4904,729;26,8;30,2
4905,729;26,8;30,1
4906,729;26,8;30,2
4907,729;26,8;30,1
4908,729;26,9;30,2
4909,729;26,8;30,2
4910,729;26,8;30,1
4911,729;26,8;30,1
4912,729;26,8;30,1
4913,729;26,8;30,2
4914,729;26,8;30,2
4915,729;26,8;30,2
4916,762;26,8;30,1
4917,762;26,8;30,1
4918,762;26,8;30,1
4919,762;26,8;30,2
4920,762;26,8;30,2
4921,762;26,8;30,1
4922,762;26,8;30,1
4923,762;26,8;30,2
4924,762;26,8;30,1
4925,762;26,8;30,1
4926,762;26,7;30,1
4927,762;26,7;30
4928,762;26,7;30,1
4929,762;26,7;30,1
4930,762;26,8;30,1
4931,762;26,8;30,1
4932,762;26,7;30
4933,762;26,7;30,1
4934,762;26,7;30
4935,762;26,7;30,1
4936,762;26,7;30
4937,762;26,7;30
4938,762;26,7;30
4939,762;26,7;30,1
4940,762;26,7;30,1
4941,762;26,7;30,1
4942,762;26,7;30,1
4943,762;26,7;30
4944,762;26,7;30
4945,762;26,7;30
4946,762;26,7;30
4947,762;26,7;30,1
4948,762;26,7;30
4949,762;26,7;30,1
4950,762;26,7;30
4951,762;26,7;30
4952,762;26,7;30
4953,762;26,7;30
4954,762;26,7;30
4955,762;26,7;30
4956,762;26,7;30,1
4957,762;26,7;30
4958,762;26,7;30,1
4959,762;26,7;30
4960,762;26,7;30
4961,762;26,7;30
4962,762;26,7;30
4963,762;26,7;30
4964,762;26,7;30
4965,762;26,7;30
4966,762;26,7;30,1
4967,762;26,7;30
4968,762;26,7;30
4969,762;26,7;30
4970,762;26,7;30
4971,762;26,7;30
4972,762;26,7;30,1
4973,762;26,7;30
4974,762;26,7;30
4975,762;26,7;30
4976,762;26,7;30
4977,762;26,8;30
4978,762;26,7;30
4979,762;26,7;30
4980,762;26,7;30
4981,762;26,7;30
4982,762;26,7;30
4983,762;26,7;30
4984,762;26,7;30
4985,762;26,7;30
4986,762;26,6;30
4987,762;26,6;29,9
4988,762;26,7;30
4989,762;26,7;30
4990,762;26,7;30
4991,762;26,7;30
4992,762;26,7;30
4993,762;26,7;30
4994,762;26,7;30
4995,762;26,7;30
4996,762;26,7;30
4997,762;26,7;30
4998,762;26,7;29,9
4999,762;26,7;30
5000,762;26,7;30
5001,762;26,7;29,9
5002,762;26,7;30
5003,762;26,7;30
5004,762;26,7;30
5005,762;26,7;29,9
5006,762;26,7;30
5007,762;26,7;30
5008,762;26,6;30
5009,762;26,7;30
5010,762;26,6;30
5011,762;26,7;30
5012,762;26,6;30
5013,762;26,6;30
5014,762;26,6;29,9
5015,762;26,7;29,9
5016,762;26,6;30
5017,762;26,6;30
5018,795;26,7;29,9
5019,795;26,6;29,9
5020,795;26,6;29,9
5021,795;26,6;29,9
5022,795;26,6;29,9
5023,795;26,5;29,9
5024,795;26,6;29,9
5025,795;26,6;29,9
5026,795;26,6;29,9
5027,795;26,6;29,9
5028,795;26,6;29,9
5029,795;26,5;29,9
5030,795;26,5;29,8
5031,795;26,6;29,9
5032,795;26,6;29,8
5033,795;26,6;29,9
5034,795;26,6;29,9
5035,795;26,6;29,9
5036,795;26,6;29,9
5037,795;26,6;29,9
5038,795;26,6;29,9
5039,795;26,6;29,9
5040,795;26,6;29,9
5041,795;26,6;29,9
5042,795;26,6;29,9
5043,795;26,6;29,9
5044,795;26,6;29,9
5045,795;26,6;29,9
5046,795;26,6;29,9
5047,795;26,6;29,9
5048,795;26,6;29,9
5049,795;26,6;29,9
5050,795;26,6;29,9
5051,795;26,6;30
5052,795;26,6;29,9
5053,795;26,6;29,9
5054,795;26,6;29,9
5055,795;26,6;29,9
5056,795;26,6;29,9
5057,795;26,6;29,9
5058,795;26,6;29,9
5059,795;26,6;29,9
5060,795;26,6;29,9
5061,795;26,6;29,9
5062,828;26,6;29,9
5063,828;26,6;29,9
5064,828;26,7;29,9
5065,828;26,6;29,9
5066,828;26,6;29,9
5067,828;26,6;29,9
5068,828;26,6;29,9
5069,828;26,6;29,9
5070,828;26,5;29,9
5071,828;26,6;29,9
5072,828;26,5;29,9
5073,828;26,5;29,9
5074,828;26,5;29,8
5075,828;26,5;29,9
5076,828;26,5;29,9
5077,828;26,5;29,8
5078,828;26,5;29,8
5079,828;26,5;29,9
5080,828;26,5;29,8
5081,828;26,5;29,7
5082,828;26,5;29,8
5083,828;26,5;29,8
5084,828;26,5;29,8
5085,828;26,5;29,8
5086,828;26,5;29,9
5087,828;26,5;29,9
5088,828;26,5;29,9
5089,828;26,5;29,9
5090,828;26,5;29,9
5091,828;26,5;29,9
5092,828;26,5;29,9
5093,828;26,6;29,9
5094,828;26,5;29,9
5095,828;26,6;29,8
5096,828;26,6;29,9
5097,828;26,5;29,8
5098,828;26,5;29,8
5099,828;26,5;29,8
5100,828;26,5;29,9
5101,828;26,5;29,8
5102,828;26,5;29,8
5103,828;26,5;29,8
5104,828;26,5;29,8
5105,828;26,5;29,9
5106,828;26,5;29,9
5107,828;26,5;29,8
5108,828;26,6;29,8
5109,828;26,5;29,8
5110,828;26,5;29,8
5111,828;26,5;29,8
5112,828;26,5;29,8
5113,828;26,5;29,8
5114,828;26,5;29,8
5115,828;26,6;29,8
5116,828;26,6;29,8
5117,828;26,6;29,8
5118,828;26,5;29,8
5119,828;26,5;29,8
5120,828;26,6;29,8
5121,828;26,5;29,8
5122,828;26,5;29,7
5123,828;26,5;29,8
5124,828;26,5;29,8
5125,828;26,5;29,8
5126,828;26,5;29,8
5127,828;26,5;29,7
5128,828;26,5;29,7
5129,828;26,5;29,7
5130,828;26,5;29,8
5131,828;26,5;29,8
5132,828;26,5;29,8
5133,828;26,5;29,7
5134,828;26,5;29,7
5135,828;26,5;29,8
5136,828;26,5;29,8
5137,828;26,5;29,8
5138,828;26,5;29,8
5139,828;26,4;29,8
5140,828;26,4;29,7
5141,828;26,5;29,7
5142,828;26,5;29,7
5143,828;26,4;29,8
5144,828;26,4;29,7
5145,828;26,4;29,7
5146,828;26,4;29,7
5147,828;26,4;29,7
5148,828;26,4;29,7
5149,828;26,4;29,7
5150,828;26,4;29,7
5151,828;26,4;29,7
5152,828;26,4;29,7
5153,828;26,4;29,7
5154,828;26,4;29,7
5155,828;26,4;29,8
5156,828;26,4;29,7
5157,828;26,4;29,7
5158,828;26,4;29,7
5159,828;26,4;29,7
5160,828;26,4;29,7
5161,828;26,4;29,7
5162,828;26,4;29,7
5163,828;26,4;29,7
5164,828;26,4;29,7
5165,862;26,4;29,7
5166,862;26,4;29,7
5167,862;26,4;29,7
5168,862;26,4;29,7
5169,862;26,3;29,7
5170,862;26,4;29,7
5171,862;26,4;29,7
5172,862;26,4;29,7
5173,862;26,4;29,7
5174,862;26,4;29,7
5175,862;26,4;29,7
5176,862;26,4;29,7
5177,862;26,4;29,7
5178,862;26,4;29,7
5179,862;26,4;29,7
5180,862;26,4;29,7
5181,862;26,4;29,7
5182,862;26,4;29,6
5183,862;26,4;29,6
5184,862;26,4;29,7
5185,862;26,4;29,7
5186,862;26,4;29,7
5187,862;26,4;29,7
5188,862;26,4;29,6
5189,862;26,4;29,7
5190,862;26,4;29,7
5191,862;26,4;29,7
5192,862;26,4;29,6
5193,862;26,4;29,7
5194,862;26,4;29,7
5195,862;26,4;29,7
5196,862;26,4;29,7
5197,862;26,4;29,7
5198,862;26,4;29,7
5199,862;26,4;29,7
5200,862;26,4;29,7
5201,862;26,4;29,7
5202,862;26,4;29,7
5203,862;26,4;29,7
5204,862;26,4;29,7
5205,862;26,4;29,7
5206,862;26,4;29,7
5207,862;26,4;29,7
5208,862;26,4;29,6
5209,862;26,4;29,6
5210,862;26,4;29,7
5211,862;26,4;29,7
5212,862;26,4;29,7
5213,862;26,4;29,7
5214,862;26,4;29,6
5215,862;26,4;29,7
5216,862;26,4;29,6
5217,862;26,4;29,7
5218,862;26,4;29,6
5219,862;26,3;29,6
5220,862;26,3;29,6
5221,862;26,3;29,6
5222,862;26,3;29,6
5223,862;26,3;29,6
5224,862;26,3;29,6
5225,862;26,3;29,6
5226,862;26,4;29,6
5227,862;26,4;29,6
5228,862;26,3;29,7
5229,862;26,3;29,7
5230,862;26,4;29,7
5231,862;26,4;29,6
5232,862;26,4;29,6
5233,862;26,4;29,7
5234,862;26,4;29,6
5235,862;26,4;29,7
5236,862;26,3;29,6
5237,862;26,4;29,6
5238,862;26,4;29,6
5239,862;26,4;29,7
5240,862;26,3;29,6
5241,862;26,3;29,6
5242,862;26,3;29,6
5243,862;26,3;29,6
5244,862;26,4;29,6
5245,862;26,4;29,6
5246,862;26,4;29,6
5247,862;26,4;29,6
5248,862;26,4;29,6
5249,862;26,4;29,6
5250,862;26,4;29,6
5251,862;26,4;29,6
5252,862;26,4;29,6
5253,862;26,4;29,6
5254,862;26,4;29,6
5255,862;26,3;29,6
5256,862;26,4;29,6
5257,862;26,4;29,6
5258,862;26,4;29,6
5259,862;26,4;29,6
5260,862;26,4;29,6
5261,862;26,3;29,5
5262,862;26,4;29,6
5263,862;26,4;29,6
5264,862;26,4;29,6
5265,862;26,3;29,6
5266,862;26,4;29,6
5267,862;26,4;29,5
5268,862;26,4;29,6
5269,862;26,4;29,6
5270,862;26,4;29,6
5271,862;26,4;29,6
5272,862;26,4;29,6
5273,862;26,4;29,5
5274,862;26,4;29,6
5275,862;26,4;29,6
5276,862;26,3;29,5
5277,862;26,4;29,5
5278,862;26,4;29,6
5279,862;26,4;29,6
5280,862;26,3;29,5
5281,862;26,3;29,5
5282,862;26,3;29,5
5283,862;26,4;29,6
5284,862;26,3;29,5
5285,862;26,3;29,5
5286,862;26,3;29,6
5287,862;26,3;29,5
5288,862;26,3;29,5
5289,862;26,3;29,6
5290,862;26,3;29,5
5291,862;26,3;29,6
5292,862;26,4;29,5
5293,895;26,4;29,6
5294,895;26,4;29,5
5295,895;26,3;29,5
5296,895;26,3;29,5
5297,895;26,3;29,6
5298,895;26,4;29,6
5299,895;26,4;29,5
5300,895;26,3;29,6
5301,895;26,3;29,5
5302,895;26,3;29,5
5303,895;26,3;29,5
5304,895;26,3;29,6
5305,895;26,3;29,6
5306,895;26,3;29,5
5307,895;26,3;29,5
5308,895;26,3;29,5
5309,895;26,3;29,5
5310,895;26,3;29,5
5311,895;26,3;29,5
5312,895;26,3;29,6
5313,895;26,3;29,6
5314,895;26,3;29,6
5315,895;26,3;29,6
5316,895;26,3;29,5
5317,895;26,3;29,6
5318,895;26,3;29,6
5319,895;26,3;29,6
5320,895;26,3;29,5
5321,895;26,3;29,5
5322,895;26,3;29,5
5323,895;26,3;29,5
5324,895;26,3;29,5
5325,895;26,3;29,5
5326,895;26,3;29,5
5327,895;26,3;29,5
5328,895;26,3;29,5
5329,895;26,3;29,5
5330,895;26,3;29,5
5331,895;26,3;29,5
5332,895;26,3;29,5
5333,895;26,3;29,6
5334,895;26,3;29,5
5335,895;26,3;29,5
5336,895;26,3;29,5
5337,895;26,3;29,5
5338,895;26,3;29,5
5339,895;26,3;29,5
5340,895;26,3;29,5
5341,895;26,3;29,5
5342,895;26,3;29,5
5343,895;26,2;29,5
5344,895;26,2;29,4
5345,895;26,3;29,5
5346,895;26,2;29,5
5347,895;26,2;29,5
5348,895;26,2;29,5
5349,895;26,1;29,4
5350,895;26,2;29,5
5351,895;26,2;29,5
5352,895;26,1;29,5
5353,895;26,2;29,5
5354,895;26,2;29,5
5355,895;26,1;29,4
5356,895;26,1;29,4
5357,895;26,1;29,5
5358,895;26,1;29,5
5359,895;26,2;29,4
5360,895;26,2;29,5
5361,895;26,1;29,4
5362,895;26,1;29,4
5363,895;26,1;29,4
5364,895;26,1;29,4
5365,895;26,1;29,4
5366,895;26,1;29,5
5367,895;26,1;29,4
5368,895;26,1;29,4
5369,895;26,1;29,4
5370,895;26,1;29,4
5371,895;26,1;29,4
5372,895;26,1;29,4
5373,895;26,1;29,4
5374,895;26,1;29,4
5375,895;26,2;29,4
5376,895;26,1;29,4
5377,895;26,1;29,4
5378,895;26,1;29,4
5379,895;26,2;29,4
5380,895;26,1;29,4
5381,895;26,1;29,4
5382,895;26,1;29,4
5383,895;26,2;29,4
5384,895;26,2;29,4
5385,895;26,1;29,4
5386,895;26,2;29,4
5387,895;26,2;29,4
5388,895;26,1;29,4
5389,895;26,1;29,3
5390,895;26,2;29,4
5391,895;26,2;29,4
5392,895;26,2;29,4
5393,895;26,2;29,3
5394,895;26,1;29,3
5395,895;26,2;29,4
5396,895;26,2;29,3
5397,895;26,2;29,4
5398,895;26,2;29,3
5399,895;26,2;29,4
5400,895;26,2;29,4
5401,895;26,2;29,3
5402,895;26,2;29,4
5403,895;26,2;29,4
5404,895;26,2;29,4
5405,895;26,2;29,4
5406,895;26,2;29,4
5407,895;26,2;29,4
5408,895;26,2;29,3
5409,895;26,1;29,4
5410,895;26,2;29,4
5411,895;26,2;29,4
5412,895;26,2;29,4
5413,895;26,2;29,4
5414,895;26,2;29,3
5415,895;26,2;29,3
5416,895;26,1;29,3
5417,895;26,1;29,3
5418,895;26,1;29,3
5419,895;26,1;29,3
5420,895;26,1;29,4
5421,895;26,1;29,3
5422,895;26,1;29,3
5426,495;27,4;30,2
5427,495;27,5;30,2
5428,495;27,5;30,3
5429,495;27,4;30,2
5430,495;27,4;30,2
5431,495;26,9;30,1
5432,495;27,9;30,1
5433,495;28;30
5434,495;27,5;30,2
5435,495;27,4;30,2
5436,495;27,4;30,2
5437,495;27,4;30,2
5438,495;27,5;30,2
5439,495;27,5;30,2
5440,495;27,5;30,2
5441,495;27,5;30,2
5442,495;27,4;30,2
5443,495;27,4;30,2
5444,495;27,5;30,3
5445,495;27,5;30,2
5446,495;27,4;30,1
5447,495;27,4;30,2
5448,495;27,4;30,2
5448,928;27,4;30,2
