tf;av;max;tc;cp
0;25,6;27;0;26,4
1;27,4;45,7;1;26,5
2;35,8;48,8;2;38,2
3;41,7;49,9;3;48,1
4;45,5;49,3;4;51,5
5;48;50,8;5;52,4
6;49,7;51,6;6;52,6
7;50,7;51,9;7;52,4
8;51;51,8;8;53,2
9;50,8;51,6;9;53,5
10;50,5;51,4;10;53,6
11;50,2;51,3;11;53,6
12;50,3;51,4;12;53,7
13,034;50,4;51,6;13;53,5
14,034;50,5;51,7;14;53,6
15,034;50,8;51,7;15;53,6
16,034;50,9;51,7;16;53,6
17,034;50,8;51,6;17;53,7
19,6;50,6;51,7;18;53,7
20,634;50,7;51,6;19;53,6
21,634;50,6;51,5;20;53,7
22,634;50,6;51,5;21;53,7
23,634;50,5;51,2;22;53,7
24,634;50,4;50,9;23;53,9
25,634;50,1;51;24;53,8
26,634;50,1;51,1;25;53,8
27,634;50,1;51,2;26;53,8
28,634;50,1;51,2;27;53,8
29,634;50,1;51,3;28;53,5
30,634;50,1;51,3;29;53,7
31,634;50,2;51,4;30;53,9
32,634;50,3;51,4;31;53,9
33,634;50,4;51,4;32;53,9
34,634;50,5;51,4;33;53,9
35,634;50,7;51,4;34;53,9
36,634;50,7;51,3;35;53,9
37,634;50,8;51,3;36;53,9
38,634;50,8;51,3;37;53,9
39,634;50,9;51,4;38;54
40,634;50,9;51,3;39;54
41,634;51;51,4;40;54
42,634;51;51,4;41;54
43,634;51;51,4;42;54,1
44,634;51;51,5;43;54,2
45,634;51,1;51,6;44;54,3
46,634;51,1;51,6;45;54,3
47,634;51,2;51,7;46;54,3
48,634;51,3;51,9;47;54,3
49,634;51,4;52,1;48;54,4
50,634;51,5;52,5;49;54,4
51,634;51,7;52,6;50;54,4
52,634;51,8;52,8;51;54,4
53,634;52;52,9;52;54,4
54,634;52,2;53,1;53;54,3
55,634;52,3;53,3;54;54,3
56,634;52,4;53,4;55;54,3
57,634;52,5;53,4;56;54,4
58,634;52,6;53,5;57;54,4
59,634;52,6;53,6;58;54,4
60,634;52,6;53,5;59;54,4
61,634;52,6;53,5;60;54,3
62,634;52,6;53,4;61;54,4
63,634;52,6;53,3;62;54,4
64,634;52,6;53,3;63;54,4
65,634;52,6;53,2;64;54,4
66,634;52,6;53,1;65;54,4
67,634;52,5;53;66;54,4
68,634;52,5;53;67;54,4
69,634;52,6;53;68;54,3
70,634;52,6;53,1;69;54,3
71,634;52,6;53,2;70;54,2
72,634;52,6;53,3;71;54,2
73,634;52,6;53,4;72;54,1
74,634;52,6;53,3;73;54
75,634;52,6;53,6;74;54
76,634;52,7;54;75;54
77,634;52,7;53,8;76;54
78,634;52,7;53,8;77;54,2
79,634;52,7;54;78;54,1
80,634;52,7;53,6;79;53,8
81,634;52,7;53,3;80;53,8
82,634;52,6;53,1;81;53,7
83,634;52,5;52,9;82;53,9
84,634;52,4;52,8;83;53,8
85,634;52,4;52,7;84;53,6
86,634;52,2;52,7;85;53,4
87,634;52;52,6;86;53,2
88,634;52;53,2;87;53,1
89,634;52;53,1;88;53
90,634;52;52,9;89;52,9
91,634;52;52,7;90;52,8
92,634;51,9;52,7;91;52,8
93,634;51,9;52,7;92;52,7
94,634;51,8;52,7;93;52,7
95,634;50,7;71,1;94;52,6
97,2;51,7;52,4;95;52,5
98,2;51,7;52,3;96;52,5
99,2;51,7;52,3;97;52,5
100,2;51,5;52,1;98;52,4
101,2;51,5;52;99;52,4
102,2;51,4;52;100;52,4
103,2;51,3;51,8;101;52,4
104,2;51,2;51,6;102;52,4
105,2;51,1;51,5;103;52,4
106,2;51;51,4;104;52,4
107,2;51;51,5;105;52,4
108,2;51;51,6;106;52,4
109,2;51;51,7;107;52,4
110,2;51,1;51,8;108;52,4
111,2;51,2;51,9;109;52,4
112,2;51,3;51,9;110;52,4
113,2;51,4;52;111;52,6
114,2;51,5;52,1;112;52,6
115,2;51,5;52,2;113;52,6
116,2;51,5;52,2;114;52,6
117,2;51,5;52,2;115;52,6
118,2;51,5;52,2;116;52,6
119,2;51,6;52,2;117;52,6
120,2;51,6;52,2;118;52,6
121,2;51,6;52,1;119;52,6
122,2;51,7;52,2;120;52,6
123,2;51,8;52,3;121;52,6
124,2;51,8;52,3;122;52,6
125,2;51,7;52,3;123;52,5
126,2;51,6;52,1;124;52,5
127,2;51,7;52,3;125;52,5
128,2;51,8;52,4;126;52,5
129,2;51,9;52,4;127;52,5
130,2;51,9;52,4;128;52,5
131,2;52;52,4;129;52,5
132,2;52;52,5;130;52,5
133,2;52,1;52,7;131;52,5
134,2;52,2;52,7;132;52,5
135,2;52,2;52,7;133;52,5
136,2;52,2;52,7;134;52,5
137,2;52,1;52,7;135;52,4
138,2;52,1;52,6;136;52,4
139,2;52,2;52,7;137;52,4
140,2;52,2;52,7;138;52,4
141,2;52,2;52,7;139;52,4
142,2;52,2;52,8;140;52,4
143,2;52,3;52,8;141;52,4
144,2;52,3;52,8;142;52,4
145,2;52,3;52,8;143;52,3
146,2;52,3;52,8;144;52,3
147,2;52,3;52,7;145;52,2
148,2;52,3;52,8;146;52,2
149,2;52,3;52,8;147;52,1
150,2;52,3;52,8;148;52
151,2;52,3;52,8;149;52
152,2;52,4;52,8;150;51,9
153,2;52,4;52,9;151;51,9
154,2;52,4;53;152;51,8
155,2;52,4;53,1;153;51,8
156,2;52,4;53,1;154;51,7
157,2;52,2;53;155;51,7
158,2;52,1;52,8;156;51,7
159,2;52,1;52,7;157;51,6
160,2;52,2;52,9;158;51,6
161,2;52,3;53,1;159;51,6
162,2;52,3;53,2;160;51,5
163,2;52,3;53,2;161;51,5
164,2;52,4;53,3;162;51,5
165,2;52,5;53,4;163;51,4
166,2;52,5;53,4;164;51,4
167,2;52,5;53,4;165;51,4
168,2;52,6;53,4;166;51,4
169,2;52,6;53,4;167;51,3
170,2;52,6;53,4;168;51,3
171,2;52,6;53,5;169;51,3
172,2;52,6;53,5;170;51,3
173,2;52,6;53,5;171;51,3
174,2;52,6;53,5;172;51,3
175,2;52,6;53,5;173;51,2
176,2;52,5;53,4;174;51,2
177,2;52,5;53,4;175;51,2
178,2;52,5;53,4;176;51,1
179,2;52,6;53,5;177;51
182,767;52,7;53,5;178;51
183,767;52,6;53,4;179;51
184,767;52,7;53,5;180;51
185,767;52,6;53,4;181;50,9
186,767;52,5;53,4;182;50,9
187,767;52,6;53,4;183;50,9
188,767;52,6;53,4;184;50,9
189,767;52,7;53,4;185;50,9
190,767;52,6;53,5;186;50,8
191,767;52,6;53,5;187;50,8
192,767;52,7;53,5;188;50,8
193,767;52,6;53,5;189;50,8
194,767;52,6;53,4;190;50,8
195,767;52,6;53,4;191;50,8
196,767;52,6;53,5;192;50,8
197,767;52,6;53,4;193;50,7
198,767;52,6;53,3;194;50,7
199,767;52,6;53,4;195;50,7
200,767;52,6;53,4;196;50,7
201,767;52,5;53,3;197;50,7
202,767;52,5;53,3;198;50,7
203,767;52,5;53,4;199;50,7
204,767;52,4;53,3;200;50,7
205,767;52,4;53,3;201;50,6
206,767;52,4;53,3;202;50,6
207,767;52,4;53,4;203;50,6
208,767;52,4;53,4;204;50,6
209,767;52,5;53,4;205;50,6
210,767;52,5;53,4;206;50,6
211,767;52,5;53,4;207;50,6
212,767;52,6;53,4;208;50,6
213,767;52,6;53,4;209;50,6
214,767;52,6;53,4;210;50,6
215,767;52,5;53,4;211;50,6
216,767;52,6;53,4;212;50,6
217,767;52,5;53,4;213;50,5
218,767;52,5;53,3;214;50,6
219,767;52,5;53,3;215;50,5
220,767;52,6;53,4;216;50,5
221,767;52,5;53,3;217;50,5
222,767;52,5;53,3;218;50,5
223,767;52,4;53,2;219;50,5
224,767;52,4;53,3;220;50,5
225,767;52,5;53,3;221;50,5
226,767;52,5;53,2;222;50,5
227,767;52,5;53,3;223;50,5
228,767;52,4;53,3;224;50,5
229,767;52,4;53,3;225;50,5
230,767;52,4;53,2;226;50,5
231,767;52,4;53,3;227;50,5
232,767;52,4;53,3;228;50,5
233,767;52,5;53,3;229;50,5
234,767;52,5;53,3;230;50,5
235,767;52,5;53,4;231;50,5
236,767;52,5;53,3;232;50,5
237,767;52,5;53,3;233;50,5
238,767;52,5;53,3;234;50,5
239,767;52,5;53,3;235;50,5
240,767;52,5;53,3;236;50,5
241,767;52,5;53,2;237;50,5
242,767;52,5;53,2;238;50,5
243,767;52,4;53,2;239;50,5
244,767;52,5;53,1;240;50,5
245,767;52,5;53,1;241;50,5
246,767;52,4;53;242;50,5
247,767;52,4;53;243;50,5
248,767;52,4;53;244;50,5
249,767;52,3;53;245;50,5
250,767;52,3;53;246;50,5
251,767;52,3;53;247;50,5
252,767;52,2;53;248;50,5
253,767;52,3;53;249;50,5
254,767;52,2;52,9;250;50,5
255,767;52,2;52,9;251;50,5
256,767;52,1;52,9;252;50,5
257,767;52,1;52,8;253;50,5
258,767;52;52,7;254;50,5
259,767;51,9;52,7;255;50,5
260,767;51,9;52,7;256;50,5
261,767;51,9;52,7;257;50,5
262,767;51,9;52,7;258;50,5
263,767;51,9;52,7;259;50,5
264,767;51,8;52,7;260;50,5
265,767;51,8;52,7;261;50,5
266,767;51,8;52,6;262;50,5
267,767;51,8;52,7;263;50,6
268,767;51,8;52,6;264;50,6
269,767;51,7;52,6;265;50,6
270,767;51,7;52,6;266;50,6
271,767;51,7;52,6;267;50,6
272,767;51,8;52,7;268;50,6
273,767;51,8;52,7;269;50,6
274,767;51,9;52,8;270;50,6
275,767;51,9;52,8;271;50,6
276,767;51,9;52,8;272;50,6
277,767;51,9;52,9;273;50,6
278,767;51,9;52,9;274;50,6
279,767;51,9;52,9;275;50,6
280,767;51,9;52,9;276;50,6
281,767;51,9;52,9;277;50,6
282,767;51,9;52,9;278;50,6
283,767;51,9;52,9;279;50,6
284,767;51,6;71,9;280;50,6
287,233;52,1;53,2;281;50,6
288,233;52,2;53,1;282;50,6
289,233;52,2;53,1;283;50,6
290,233;52,2;53,1;284;50,6
291,233;52,2;53,1;285;50,6
292,233;52,2;53,1;286;50,6
293,233;52,3;53,2;287;50,6
294,233;52,3;53,2;288;50,6
295,233;52,3;53,2;289;50,6
296,233;52,3;53,1;290;50,7
297,233;52,3;53,1;291;50,7
298,233;52,3;53,2;292;50,7
299,233;52,3;53,1;293;50,7
300,233;52,3;53,2;294;50,7
301,233;52,2;53,1;295;50,7
302,233;52,2;53,2;296;50,7
303,233;52,2;53,1;297;50,7
304,233;52,2;53,2;298;50,7
305,233;52,2;53,2;299;50,7
306,233;52,2;53,2;300;50,7
307,233;52,2;53,2;301;50,7
308,233;52,3;53,2;302;50,7
309,233;52,3;53,2;303;50,7
310,233;52,3;53,1;304;50,7
311,233;52,3;53,2;305;50,7
312,233;52,3;53,2;306;50,7
313,233;52,4;53,2;307;50,7
314,233;52,4;53,2;308;50,7
315,233;52,4;53,4;309;50,7
316,233;52,3;53,5;310;50,7
317,233;52,2;53,2;311;50,7
318,233;52,1;53,3;312;50,7
319,233;52,1;53,2;313;50,7
320,233;52,1;53;314;50,7
321,233;52;52,9;315;50,7
322,233;51,9;52,8;316;50,8
323,233;51,9;52,8;317;50,8
324,233;51,8;52,7;318;50,8
325,233;51,8;52,7;319;50,7
326,233;51,8;52,7;320;50,8
327,233;51,7;52,6;321;50,8
328,233;51,7;52,7;322;50,8
329,233;51,7;52,7;323;50,8
330,233;51,6;52,6;324;50,8
331,233;51,6;52,6;325;50,8
332,233;51,6;52,6;326;50,8
333,233;51,6;52,5;327;50,8
334,233;51,7;52,7;328;50,8
335,233;51,7;52,7;329;50,9
336,233;51,8;52,9;330;50,9
337,233;51,8;53;331;50,9
338,233;51,8;53;332;50,9
339,233;51,9;53;333;50,9
340,233;51,9;53,1;334;50,9
341,233;52;53,2;335;50,9
342,233;52,1;53,2;336;50,9
343,233;52,2;53,2;337;51
344,233;52,2;53,2;338;51
345,233;52,3;53,3;339;51
346,233;52,4;53,3;340;51
347,233;52,4;53,3;341;51
348,233;52,5;53,3;342;51
349,233;52,5;53,3;343;51
350,233;52,5;53,3;344;51
351,233;52,5;53,3;345;51
352,233;52,5;53,3;346;51
353,233;52,6;53,3;347;51
354,233;52,6;53,3;348;51,1
355,233;52,6;53,3;349;51,1
356,233;52,5;53,3;350;51,1
357,233;52,4;53,3;351;51,1
358,233;52,4;53,3;352;51,1
359,233;52,4;53,2;353;51,1
360,233;52,4;53,2;354;51,1
361,233;52,5;53,2;355;51,1
362,233;52,3;53,2;356;51,1
363,233;52,2;53,2;357;51,1
364,233;52,3;53,3;358;51,1
365,233;52,3;53,3;359;51,1
366,233;52,3;53,3;360;51,1
367,233;52,3;53,3;361;51,1
368,233;52,3;53,3;362;51,1
369,233;52,2;53,3;363;51,1
370,233;52,3;53,4;364;51,1
371,233;52,3;53,4;365;51,1
372,233;52,2;53,4;366;51,2
373,233;52,3;53,4;367;51,2
374,233;52,3;53,4;368;51,2
375,233;52,2;53,3;369;51,2
376,233;52,1;53,2;370;51,2
377,233;52,1;53,3;371;51,2
378,233;52,1;53,4;372;51,2
379,233;52,1;53,4;373;51,2
380,233;52,2;53,4;374;51,2
381,233;52,3;53,4;375;51,2
382,233;52,2;53,3;376;51,2
383,233;52,1;53,3;377;51,2
384,233;52,1;53,2;378;51,2
385,233;52,2;53,3;379;51,2
386,233;52,2;53,3;380;51,2
387,233;52,2;53,3;381;51,2
388,233;52,3;53,2;382;51,2
389,233;52,2;53,2;383;51,2
390,233;52,3;53,2;384;51,2
391,233;52,3;53,2;385;51,2
392,233;52,4;53,2;386;51,2
393,233;52,4;53,2;387;51,2
394,233;52,4;53,2;388;51,2
395,233;52,4;53,2;389;51,2
396,233;52,4;53,2;390;51,2
397,233;52,5;53,2;391;51,2
398,233;52,4;53,2;392;51,3
399,233;52,5;53,3;393;51,3
400,233;52,5;53,3;394;51,3
401,233;52,5;53,3;395;51,2
402,233;52,5;53,3;396;51,3
403,233;52,5;53,3;397;51,3
404,233;52,6;53,3;398;51,3
405,233;52,6;53,2;399;51,3
406,233;52,6;53,2;400;51,3
407,233;52,5;53,2;401;51,3
408,233;52,4;53;402;51,3
410,567;52,4;53,1;403;51,3
411,567;52,2;53,1;404;51,3
412,567;52,1;53;405;51,3
413,567;52;53;406;51,3
414,567;52;53;407;51,3
415,567;52,1;53;408;51,3
416,567;52,2;53;409;51,3
417,567;52,1;53;410;51,3
418,567;52,1;52,9;411;51,3
419,567;52;52,9;412;51,3
420,567;52,1;52,9;413;51,3
421,567;52,1;52,9;414;51,3
422,567;52,2;52,9;415;51,3
423,567;52,2;53;416;51,3
424,567;52,2;53;417;51,3
425,567;52,1;53;418;51,3
426,567;52,1;53,1;419;51,3
427,567;52,1;53;420;51,3
428,567;52;52,9;421;51,3
429,567;51,6;52,7;422;51,3
430,567;51,4;52,6;423;51,3
431,567;51,4;52,6;424;51,3
432,567;51,6;52,7;425;51,3
433,567;51,8;52,9;426;51,4
434,567;51,8;52,9;427;51,4
435,567;51,8;52,9;428;51,4
436,567;51,9;52,9;429;51,4
437,567;52;52,9;430;51,4
438,567;51,9;53;431;51,4
439,567;51,8;52,9;432;51,4
440,567;51,8;52,9;433;51,4
441,567;51,9;53;434;51,4
442,567;51,9;53,1;435;51,4
443,567;51,9;53,1;436;51,4
444,567;52;53,2;437;51,4
445,567;52,1;53,2;438;51,4
446,567;52,1;53,1;439;51,4
447,567;52,2;53,1;440;51,4
448,567;52,2;53,1;441;51,4
449,567;52,2;53,1;442;51,4
450,567;52,2;53,2;443;51,4
451,567;52,1;53,1;444;51,4
452,567;52,1;53,1;445;51,4
453,567;52,1;53;446;51,4
454,567;52;52,9;447;51,4
455,567;52,1;52,9;448;51,4
456,567;52,1;52,9;449;51,4
457,567;52,1;52,9;450;51,4
458,567;52,1;52,9;451;51,4
459,567;52,1;52,9;452;51,4
460,567;52,1;52,9;453;51,4
461,567;52;52,8;454;51,4
462,567;52;52,8;455;51,4
463,567;52;52,8;456;51,4
464,567;51,9;52,8;457;51,4
465,567;52;52,9;458;51,4
466,567;51,9;52,8;459;51,4
467,567;51,9;52,8;460;51,5
468,567;51,8;52,8;461;51,5
469,567;51,8;52,7;462;51,5
470,567;51,7;52,6;463;51,5
471,567;51,7;52,7;464;51,5
472,567;51,8;52,7;465;51,5
473,567;51,9;52,8;466;51,5
474,567;51,9;52,8;467;51,5
475,567;51,9;52,8;468;51,5
476,567;52;52,9;469;51,5
477,567;52;52,9;470;51,5
478,567;52;52,8;471;51,5
479,567;51,9;52,8;472;51,5
480,567;51,8;52,7;473;51,5
481,567;51,9;52,8;474;51,5
482,567;51,8;52,7;475;51,5
483,567;51,8;52,6;476;51,5
484,567;51,8;52,6;477;51,5
485,567;51,7;52,6;478;51,5
486,567;51,7;52,5;479;51,5
487,567;51,7;52,6;480;51,6
488,567;51,8;52,7;481;51,6
489,567;51,9;52,7;482;51,6
490,567;51,9;52,7;483;51,6
491,567;51,9;52,7;484;51,6
492,567;51,9;52,7;485;51,6
493,567;51,8;52,7;486;51,6
494,567;51,8;52,7;487;51,6
495,567;51,9;52,7;488;51,6
496,567;52;52,8;489;51,6
497,567;51,9;52,7;490;51,6
498,567;51,8;52,6;491;51,6
499,567;51,8;52,5;492;51,6
500,567;51,8;52,5;493;51,6
501,567;51,9;52,6;494;51,6
502,567;51,9;52,6;495;51,6
503,567;52;52,7;496;51,6
504,567;51,8;52,6;497;51,6
505,567;51,8;52,6;498;51,6
506,567;51,6;52,5;499;51,6
507,567;51,7;52,6;500;51,6
508,567;51,7;52,6;501;51,6
509,567;51,8;52,7;502;51,6
510,567;51,7;52,7;503;51,6
511,567;51,7;52,7;504;51,6
512,567;51,8;52,7;505;51,6
513,567;51,7;52,7;506;51,7
514,567;51,7;52,8;507;51,7
515,567;51,7;52,7;508;51,7
516,567;51,6;52,7;509;51,7
517,567;51,6;52,6;510;51,7
518,567;51,6;52,6;511;51,7
519,567;51,6;52,6;512;51,7
520,567;51,5;52,5;513;51,7
521,567;51,5;52,6;514;51,7
522,567;51,5;52,5;515;51,7
523,567;51,5;52,5;516;51,7
524,567;51,5;52,4;517;51,7
525,567;51,5;52,3;518;51,7
526,6;51,3;52,1;519;51,7
527,6;51,4;52,2;520;51,7
528,6;51,3;52,3;521;51,7
529,6;51,3;52,2;522;51,7
530,6;51,4;52,3;523;51,7
531,6;51,4;52,2;524;51,7
532,6;51,3;52,1;525;51,7
533,6;51,4;52,1;526;51,7
534,6;51,5;52,4;527;51,7
535,6;51,5;52,3;528;51,7
536,6;51,4;52,3;529;51,7
537,6;51,3;52,3;530;51,7
538,6;51,2;52;531;51,7
539,6;51,1;52,1;532;51,7
540,6;51;52;533;51,7
541,6;51;52,1;534;51,7
542,6;51,1;52;535;51,7
543,6;51,1;52;536;51,7
544,6;51,2;52;537;51,7
547,866;51,1;52;538;51,7
548,866;51;51,9;539;51,7
549,866;50,9;51,9;540;51,7
550,866;51;52;541;51,7
551,866;51,1;52,1;542;51,7
552,866;51;51,9;543;51,7
553,866;51,1;52;544;51,7
554,866;51,2;52,1;545;51,7
555,866;51,2;52,2;546;51,7
556,866;51,3;52,2;547;51,7
557,866;51,3;52,3;548;51,7
558,866;51,3;52,3;549;51,7
559,866;51,4;52,3;550;51,7
560,866;51,4;52,3;551;51,7
561,866;51,5;52,3;552;51,7
562,866;51,5;52,4;553;51,7
563,866;51,4;52,3;554;51,7
564,866;51,3;52,2;555;51,7
565,866;51,4;52,2;556;51,7
566,866;51,4;52,3;557;51,7
567,866;51,4;52,2;558;51,7
568,866;51,3;52,1;559;51,8
569,866;51,4;52,1;560;51,8
570,866;51,2;52,1;561;51,8
571,9;51;51,5;562;51,8
572,9;51;51,6;563;51,8
573,9;51;51,7;564;51,8
574,9;51,1;51,8;565;51,8
575,9;51,2;51,9;566;51,8
576,9;51,2;52;567;51,7
577,9;51,3;52;568;51,7
578,9;51,3;52;569;51,7
579,9;51,3;52,1;570;51,7
580,9;51,2;52;571;51,7
581,9;50,9;51,6;572;51,7
582,9;50,7;51,6;573;51,7
583,9;51;51,8;574;51,7
584,9;50,9;51,8;575;51,7
585,9;51;51,8;576;51,7
586,9;50,9;51,8;577;51,7
587,9;50,9;51,9;578;51,7
588,9;50,7;51,8;579;51,8
589,9;50,9;51,8;580;51,8
590,9;50,9;51,7;581;51,8
591,9;51;51,8;582;51,8
592,9;51;52;583;51,8
593,9;51,1;52;584;51,8
594,9;51,1;52,1;585;51,7
595,9;51,1;52,1;586;51,7
596,9;51,2;52,1;587;51,7
597,9;51,2;52,1;588;51,7
598,9;51,2;52,2;589;51,7
599,9;51,2;52,2;590;51,8
600,9;51,2;52,2;591;51,8
601,9;51,2;52,2;592;51,8
602,9;51,1;52,1;593;51,8
603,9;51,1;52;594;51,8
604,9;51;52;595;51,7
605,9;51;51,8;596;51,7
606,9;50,6;51,5;597;51,7
607,9;50,8;51,5;598;51,7
608,9;50,8;51,6;599;51,7
609,9;50,8;51,6;600;51,7
610,9;50,9;51,6;601;51,7
611,9;50,8;51,6;602;51,7
612,9;50,7;51,5;603;51,7
613,9;50,6;51,5;604;51,7
614,9;50,5;51,4;605;51,7
615,9;50,6;51,4;606;51,7
616,933;50,7;51,5;607;51,7
617,933;50,7;51,6;608;51,7
618,933;50,8;51,7;609;51,7
619,933;50,8;51,7;610;51,8
620,933;50,4;51,4;611;51,8
621,933;50,2;51,3;612;51,8
622,933;50,4;51,2;613;51,8
623,933;50,4;51,1;614;51,8
624,933;50,3;51,1;615;51,8
625,933;50,2;51,1;616;51,8
626,933;50,3;51,2;617;51,8
627,933;50,3;51,2;618;51,7
628,933;50,4;51,3;619;51,8
629,933;50,4;51,3;620;51,8
630,933;50,5;51,4;621;51,8
631,933;50,5;51,5;622;51,8
632,933;50,6;51,4;623;51,8
633,933;50,6;51,5;624;51,8
634,966;50,7;51,5;625;51,8
635,966;50,7;51,5;626;51,8
636,966;50,7;51,5;627;51,8
637,966;50,7;51,5;628;51,8
638,966;50,7;51,5;629;51,8
639,966;50,8;51,5;630;51,8
640,966;50,8;51,5;631;51,8
641,966;50,8;51,5;632;51,8
642,966;50,8;51,5;633;51,8
643,966;50,8;51,5;634;51,8
644,966;50,9;51,5;635;51,8
645,966;50,9;51,5;636;51,8
646,966;50,8;51,4;637;51,7
647,966;50,8;51,5;638;51,7
648,966;50,7;51,4;639;51,7
649,966;50,7;51,4;640;51,7
650,966;50,7;51,4;641;51,7
651,966;50,6;51,3;642;51,7
652,966;50,5;51,2;643;51,7
653,966;50,4;51,2;644;51,7
654,966;50,4;51,1;645;51,7
655,966;50,5;51,1;646;51,7
656,966;50,4;51,2;647;51,7
657,966;50,4;51,2;648;51,7
658,966;50,5;51,2;649;51,7
659,966;50,5;51,2;650;51,7
660,966;50,5;51,2;651;51,7
661,966;50,3;51,1;652;51,7
662,966;50,3;51,1;653;51,7
663,966;50,3;51;654;51,7
664,966;50,2;50,9;655;51,7
665,966;50,2;50,8;656;51,7
666,966;50,2;50,9;657;51,7
667,966;50;50,8;658;51,7
668,966;49,9;50,6;659;51,7
669,966;49,9;50,7;660;51,7
670,966;49,9;50,6;661;51,7
671,966;50,1;50,8;662;51,7
672,966;50,2;50,9;663;51,7
673,966;50,2;50,8;664;51,7
674,966;50,2;50,9;665;51,7
675,966;50,2;50,9;666;51,7
676,966;50,1;50,7;667;51,7
677,966;50;50,7;668;51,7
678,966;50;50,7;669;51,7
679,966;50,1;50,8;670;51,7
680,966;50,1;50,8;671;51,7
681,966;50,1;50,8;672;51,7
682,966;50,1;50,8;673;51,7
683,966;50;50,7;674;51,7
684,966;50;50,7;675;51,7
685,966;49,9;50,6;676;51,7
686,966;49,9;50,7;677;51,7
687,966;49,9;50,6;678;51,7
688,966;49,9;50,6;679;51,7
689,966;49,8;50,6;680;51,7
690,966;49,8;50,6;681;51,6
691,966;49,7;50,6;682;51,6
692,966;49,6;50,4;683;51,6
693,966;49,6;50,4;684;51,6
694,966;49,4;50,2;685;51,6
695,966;49,6;50,3;686;51,6
696,966;49,7;50,4;687;51,6
697,966;49,8;50,5;688;51,6
698,966;44,7;45,3;689;51,6
699,966;50,9;71,1;690;51,6
701,033;49,5;50,2;691;51,6
702,033;49,5;50,1;692;51,6
703,033;49,4;50,2;693;51,6
704,033;49,6;50,3;694;51,6
705,033;49,7;50,3;695;51,6
706,033;49,7;50,4;696;51,6
707,033;49,7;50,4;697;51,6
708,033;49,8;50,4;698;51,6
709,033;49,8;50,5;699;51,6
710,033;49,9;50,5;700;51,6
711,033;50;50,6;701;51,6
712,033;49,9;50,6;702;51,6
713,033;49,9;50,5;703;51,6
714,033;49,9;50,6;704;51,5
715,033;49,9;50,5;705;51,5
716,033;49,9;50,5;706;51,5
717,033;49,9;50,5;707;51,5
718,033;49,8;50,5;708;51,5
719,033;49,7;50,4;709;51,5
720,033;49,7;50,5;710;51,5
721,033;49,8;50,5;711;51,5
722,033;49,8;50,5;712;51,5
723,033;49,7;50,6;713;51,5
724,033;49,7;50,6;714;51,5
725,033;49,7;50,6;715;51,5
726,033;49,6;50,5;716;51,5
727,033;49,5;50,4;717;51,5
728,033;49,5;50,4;718;51,5
729,033;49,5;50,4;719;51,5
730,033;49,4;50,4;720;51,5
731,033;49,2;50,2;721;51,5
732,033;49,2;50,2;722;51,4
733,033;49,3;50,3;723;51,4
734,033;49,5;50,4;724;51,4
735,033;49,5;50,5;725;51,4
736,033;49,5;50,5;726;51,4
737,033;49,4;50,5;727;51,4
738,033;49,5;50,4;728;51,4
739,033;49,5;50,4;729;51,4
740,033;49,6;50,4;730;51,4
741,033;49,6;51,2;731;51,4
742,033;49,6;51;732;51,4
743,066;49,6;51;733;51,4
744,066;49,5;50,9;734;51,4
745,066;49,6;50,8;735;51,4
746,066;49,6;50,8;736;51,4
747,066;49,6;50,7;737;51,4
748,066;49,6;50,5;738;51,4
749,066;49,5;50,4;739;51,4
750,066;49,2;50,2;740;51,3
751,066;49,2;50,3;741;51,3
752,066;49,2;50,2;742;51,3
753,066;49,2;50,1;743;51,3
754,066;49,2;50,1;744;51,3
755,066;49,3;50,2;745;51,3
756,066;49,4;50,3;746;51,3
757,066;49,4;50,3;747;51,3
758,066;49,3;50,3;748;51,3
759,066;49,1;50,2;749;51,3
760,066;49;50,3;750;51,3
761,066;49,2;50,2;751;51,3
762,066;49,3;50,2;752;51,3
763,066;49,3;50,1;753;51,3
764,066;49,3;50;754;51,3
765,066;49,3;49,9;755;51,3
766,066;49,3;49,9;756;51,3
767,066;49,3;49,9;757;51,2
768,066;49,3;51;758;51,2
769,066;49,3;50,8;759;51,2
770,066;49,4;50,7;760;51,2
771,066;49,3;50,5;761;51,2
772,066;49,2;50,2;762;51,2
773,066;49;50,2;763;51,2
774,066;49;49,9;764;51,2
775,066;49;49,7;765;51,2
776,066;48,9;49,7;766;51,2
777,066;48,8;49,5;767;51,2
778,066;48,4;49,5;768;51,2
779,066;48,3;49,4;769;51,1
780,066;48,6;49,3;770;51,1
781,066;48,5;49,3;771;51,1
782,066;48,6;49,5;772;51,1
783,066;48,6;49,5;773;51,1
784,066;48,6;49,3;774;51,1
785,066;48,4;49,2;775;51,1
786,066;48;48,9;776;51,1
787,066;48,1;48,9;777;51,1
788,066;48,3;49;778;51,1
789,066;48,3;49,1;779;51,1
790,066;48,1;49,2;780;51,1
791,066;48,1;49,3;781;51,1
792,066;48,3;49,2;782;51,1
793,066;48,6;49,3;783;51,1
794,066;48,6;49,4;784;51
795,066;48,7;49,3;785;51
796,066;48,8;49,3;786;51
797,066;48,8;49,4;787;51
798,066;48,6;49,3;788;51
799,066;48,5;49,1;789;51
800,066;48,6;49,1;790;51
801,066;48,5;49,2;791;51
802,066;48,4;49,1;792;51
803,066;48,5;49,2;793;51
804,066;48,5;49,3;794;51
805,066;48,6;49,3;795;51
806,066;48,6;49,3;796;51
807,066;48,6;49,2;797;51
808,066;48,6;49,3;798;50,9
809,066;48,5;49,2;799;50,9
810,066;48,6;49,3;800;50,9
811,066;48,5;49,2;801;50,9
812,066;48,3;48,8;802;50,9
813,066;48,4;49;803;50,9
814,066;48,4;49;804;50,9
815,066;48,4;49;805;50,9
816,066;48,4;49;806;50,9
817,066;48,3;48,9;807;50,9
818,066;48,3;49;808;50,8
819,066;48,3;49;809;50,8
820,066;48,3;49;810;50,8
821,066;48,3;49;811;50,8
822,066;48,3;49;812;50,8
823,066;48,3;49,1;813;50,8
824,066;48,3;49;814;50,8
825,066;48,3;48,9;815;50,8
826,066;48,1;48,7;816;50,8
827,066;48,2;48,8;817;50,8
828,066;48,2;48,8;818;50,8
829,066;48,3;48,9;819;50,8
830,066;48,2;48,8;820;50,8
831,066;48,3;49;821;50,7
832,066;48,4;49;822;50,7
833,066;48,2;48,9;823;50,7
834,066;47,9;48,8;824;50,7
835,066;48;48,6;825;50,7
836,066;48,1;48,7;826;50,7
837,066;48,1;48,7;827;50,7
838,066;47,9;48,7;828;50,7
839,066;47,9;48,6;829;50,7
840,066;47,7;48,6;830;50,7
841,066;47,7;48,6;831;50,7
842,066;47,6;48,6;832;50,7
843,066;47,6;48,6;833;50,6
844,066;47,7;48,6;834;50,6
845,066;47,7;48,5;835;50,6
846,066;47,6;48,6;836;50,6
847,066;47,8;48,6;837;50,6
848,066;47,9;48,6;838;50,6
849,066;47,9;48,6;839;50,6
850,066;48;48,6;840;50,6
851,066;48;48,7;841;50,6
852,066;47,8;48,6;842;50,6
853,066;47,8;48,6;843;50,6
854,066;47,7;48,4;844;50,6
855,066;47,7;48,3;845;50,6
856,066;47,9;48,5;846;50,5
857,066;47,9;48,5;847;50,5
858,066;48;48,5;848;50,5
859,066;48;48,5;849;50,5
860,066;47,6;48,2;850;50,5
861,066;47,8;48,3;851;50,5
862,066;47,7;48,4;852;50,5
863,066;53,4;73,1;853;50,5
865,199;47,7;48,4;854;50,5
866,199;47,7;48,3;855;50,5
867,199;47,6;48,4;856;50,4
868,199;47,3;48,3;857;50,4
869,199;47,3;48,3;858;50,4
870,199;47,3;48,2;859;50,4
871,199;47,4;48,1;860;50,4
872,199;47,6;48,1;861;50,4
873,199;47,3;48,1;862;50,4
874,199;47,1;48;863;50,4
875,199;47,3;48,1;864;50,4
876,199;46,9;48,1;865;50,4
877,199;46,8;47,7;866;50,3
878,199;46,8;47,7;867;50,3
879,199;46,9;47,7;868;50,3
880,199;46,9;47,7;869;50,3
881,199;46,9;47,7;870;50,3
882,199;46,8;47,8;871;50,3
883,199;47;47,9;872;50,3
884,199;47;48;873;50,3
885,199;47;48,1;874;50,3
886,199;47,2;47,9;875;50,3
887,199;47,2;48;876;50,2
888,199;47,2;48,1;877;50,2
889,199;47,2;48,1;878;50,2
890,199;47,3;48;879;50,2
891,199;47,3;48;880;50,2
892,199;47;47,9;881;50,2
893,199;46,9;47,7;882;50,2
894,199;46,9;47,8;883;50,2
895,199;47,1;47,8;884;50,2
896,199;47,2;47,9;885;50,1
897,199;47,1;47,9;886;50,1
898,199;47;47,8;887;50,1
899,199;46,9;47,7;888;50,1
900,199;47;47,7;889;50,1
901,199;47;47,8;890;50,1
902,199;47;47,8;891;50,1
903,199;47;47,8;892;50,1
904,199;47;47,8;893;50,1
905,199;47,1;48;894;50,1
906,199;47,1;48;895;50,1
907,199;47,2;48,1;896;50
908,199;47,1;48;897;50
909,199;47,2;48;898;50
910,199;47,3;48,1;899;50
911,199;47,3;48,1;900;50
912,199;47,4;48,1;901;50
913,199;47,4;48,1;902;50
914,199;47,4;48,1;903;50
915,199;47,3;48,1;904;49,9
916,199;47,2;48;905;49,9
917,199;47,2;47,8;906;49,9
918,199;47,3;47,9;907;49,9
919,199;47,4;48;908;49,9
920,199;47,4;48;909;49,9
921,199;47,4;48;910;49,9
922,199;47,4;48,1;911;49,9
923,199;47,4;48,1;912;49,9
924,199;47,5;48,1;913;49,9
925,199;47,5;48,1;914;49,9
926,199;47,5;48;915;49,9
927,233;47,3;47,9;916;49,9
928,233;47,1;47,7;917;49,8
929,233;47;47,6;918;49,8
930,233;46,9;47,4;919;49,8
931,233;46,9;47,4;920;49,8
932,233;46,9;47,6;921;49,8
933,233;46,8;47,5;922;49,8
934,233;46,8;47,6;923;49,8
935,233;46,9;47,7;924;49,7
936,233;47;47,4;925;49,7
937,233;47,1;47,6;926;49,7
938,233;47,1;47,6;927;49,7
939,233;47;47,4;928;49,7
940,233;47,1;47,6;929;49,7
941,233;47,1;47,6;930;49,7
942,233;47,2;47,7;931;49,7
943,233;47,2;47,8;932;49,7
944,233;47,2;47,8;933;49,7
945,233;47,2;47,8;934;49,7
946,233;47,1;47,8;935;49,7
947,233;47;47,8;936;49,7
948,233;47;47,8;937;49,6
949,233;46,9;47,9;938;49,6
950,233;47;47,8;939;49,6
951,233;46,9;47,8;940;49,6
952,233;46,8;47,9;941;49,6
953,233;46,7;47,8;942;49,6
954,233;46,9;47,8;943;49,6
955,233;46,8;47,9;944;49,6
956,233;47;47,8;945;49,6
957,233;47;47,8;946;49,5
958,233;47;47,7;947;49,5
959,233;47;47,7;948;49,5
960,233;46,8;47,6;949;49,5
961,233;46,7;47,4;950;49,5
962,233;46,6;47,3;951;49,5
963,233;46,5;47,3;952;49,5
964,233;46,5;47,4;953;49,5
965,233;46,8;48,2;954;49,5
966,233;46,8;47,9;955;49,5
967,233;46,8;47,8;956;49,5
968,233;46,8;47,5;957;49,4
969,233;46,8;47,5;958;49,4
970,233;46,9;47,5;959;49,4
971,233;46,8;47,4;960;49,4
972,233;46,5;47,3;961;49,4
973,233;46,6;47,3;962;49,4
974,233;46,4;47,2;963;49,4
975,233;46,4;47,3;964;49,4
976,233;46,6;47,2;965;49,4
977,233;46,5;47,2;966;49,4
978,233;46,4;47,3;967;49,4
979,233;46,5;47,3;968;49,3
980,233;46,5;47,3;969;49,3
981,233;46,6;47,4;970;49,3
982,233;46,6;47,3;971;49,3
983,233;46,5;47,3;972;49,3
984,233;46,5;47,2;973;49,3
985,233;46,5;47,3;974;49,3
986,233;46,7;47,3;975;49,3
987,233;46,5;47,3;976;49,3
988,233;46,4;47,1;977;49,3
989,233;46,3;47;978;49,3
990,233;46,3;47;979;49,3
991,233;46,3;47,1;980;49,2
992,233;46,2;47,1;981;49,2
993,233;46,4;47,1;982;49,2
994,233;46,5;47,2;983;49,2
995,233;46,4;47,2;984;49,2
996,233;46,2;46,9;985;49,2
997,233;46,4;46,9;986;49,2
998,233;46,4;47,1;987;49,2
999,233;46,4;47,1;988;49,2
1000,233;46,3;47,2;989;49,2
1001,233;46,4;47,6;990;49,2
1002,233;46,6;47,5;991;49,1
1003,233;46,7;47,4;992;49,1
1004,233;46,7;47,4;993;49,1
1005,233;46,7;47,4;994;49,1
1006,233;46,6;47,3;995;49,1
1007,233;46,5;47,3;996;49,1
1008,233;46,6;47,3;997;49,1
1009,233;46,5;47,3;998;49,1
1010,233;46,5;47,2;999;49,1
1011,233;46,4;47,1;1000;49,1
1012,233;46,3;47,1;1001;49,1
1013,233;46,3;47,1;1002;49,1
1014,233;46,4;47,2;1003;49
1015,233;46,4;47,1;1004;49
1016,233;46,4;47,1;1005;49
1017,233;46,4;47,1;1006;49
1018,233;46,5;47,2;1007;49
1019,233;46,6;47,3;1008;49
1020,233;46,6;47,4;1009;49
1021,233;46,7;47,4;1010;49
1022,233;46,6;47,4;1011;49
1023,233;46,7;47,4;1012;49
1024,233;46,8;47,4;1013;49
1025,233;46,8;47,5;1014;49
1026,233;46,8;47,6;1015;49
1027,233;46,7;47,5;1016;49
1028,233;46,8;47,6;1017;48,9
1029,233;46,8;47,6;1018;48,9
1030,233;46,7;47,6;1019;48,9
1031,233;46,6;47,5;1020;48,9
1032,233;46,6;47,5;1021;48,9
1033,233;46,6;47,4;1022;48,9
1034,233;46,6;47,4;1023;48,9
1035,233;46,5;47,2;1024;48,9
1036,233;46,4;47,1;1025;48,9
1037,233;46,4;47;1026;48,9
1038,233;46,3;46,9;1027;48,9
1039,233;46,3;46,8;1028;48,9
1040,233;46,4;46,9;1029;48,9
1041,233;46,4;46,9;1030;48,8
1042,233;46,4;46,9;1031;48,8
1043,266;46,4;46,9;1032;48,8
1046,233;46,5;47;1033;48,8
1047,233;46,5;46,9;1034;48,8
1048,233;46,5;47;1035;48,8
1049,233;46,5;47;1036;48,8
1050,233;46,5;47;1037;48,8
1051,233;46,5;47;1038;48,8
1052,233;46,4;47,1;1039;48,8
1053,233;46,5;47;1040;48,8
1054,233;46,4;47;1041;48,8
1055,233;46,4;47,1;1042;48,8
1056,233;46,3;47,1;1043;48,7
1057,233;46,4;47,2;1044;48,7
1058,233;46,4;47,2;1045;48,7
1059,233;46,4;47,3;1046;48,7
1060,233;46,5;47,3;1047;48,7
1061,233;46,4;47,2;1048;48,7
1062,233;46,4;47,1;1049;48,7
1063,233;46,4;47;1050;48,7
1064,233;46,4;47,1;1051;48,7
1065,233;46,4;46,9;1052;48,7
1066,233;46,4;46,9;1053;48,7
1067,233;46,2;46,9;1054;48,7
1068,233;46,2;46,9;1055;48,7
1069,233;46,2;46,9;1056;48,7
1070,233;46,2;47;1057;48,7
1071,233;46,3;46,9;1058;48,7
1072,233;46,3;46,8;1059;48,7
1073,266;46,2;46,8;1060;48,7
1074,266;46,1;46,6;1061;48,7
1075,266;46,2;46,8;1062;48,7
1076,266;46,2;46,8;1063;48,7
1077,266;46,3;46,8;1064;48,7
1078,266;46,3;46,8;1065;48,7
1079,266;46,2;46,8;1066;48,7
1080,266;46,2;46,8;1067;48,6
1081,266;46,2;46,8;1068;48,6
1082,266;46,2;46,8;1069;48,6
1083,266;46,2;46,8;1070;48,6
1084,266;46,2;46,7;1071;48,6
1085,266;46,2;46,7;1072;48,6
1086,266;46,3;46,8;1073;48,6
1087,266;46,3;46,7;1074;48,6
1088,266;46,3;46,7;1075;48,6
1089,266;46,3;46,7;1076;48,6
1090,266;46,2;46,7;1077;48,6
1091,266;46,2;46,7;1078;48,6
1092,299;46,3;46,7;1079;48,5
1093,299;46,3;46,8;1080;48,5
1094,299;46,2;46,8;1081;48,5
1095,299;46;46,7;1082;48,5
1096,299;46;46,5;1083;48,5
1097,299;46,1;46,6;1084;48,5
1098,299;46,1;46,6;1085;48,5
1099,299;46,1;46,6;1086;48,5
1100,299;46,1;46,7;1087;48,5
1101,299;46,1;46,6;1088;48,5
1102,299;46,1;46,7;1089;48,5
1103,299;46,1;46,7;1090;48,5
1104,299;46,1;46,7;1091;48,5
1105,299;46,1;46,7;1092;48,5
1106,299;46,1;46,7;1093;48,5
1107,299;46,1;46,7;1094;48,4
1108,299;46,1;46,7;1095;48,4
1109,299;46,1;46,7;1096;48,4
1110,299;46,1;46,7;1097;48,4
1111,299;46,1;46,7;1098;48,4
1112,299;46,1;46,6;1099;48,4
1113,299;45,8;46,4;1100;48,4
1114,299;45,8;46,4;1101;48,4
1115,299;45,8;46,4;1102;48,4
1116,299;45,8;46,3;1103;48,4
1117,299;45,8;46,5;1104;48,4
1118,299;45,9;46,6;1105;48,4
1119,299;45,9;46,6;1106;48,4
1120,299;45,9;46,6;1107;48,3
1121,299;46;46,6;1108;48,3
1122,299;45,9;46,4;1109;48,3
1123,299;46;46,5;1110;48,3
1124,299;45,9;46,4;1111;48,3
1125,299;45,6;46,4;1112;48,3
1126,299;45,5;46,3;1113;48,3
1127,299;45,7;46,4;1114;48,3
1128,299;45,8;46,5;1115;48,3
1129,299;45,8;46,5;1116;48,3
1130,299;45,9;46,4;1117;48,3
1131,299;45,9;46,5;1118;48,3
1132,299;45,9;46,5;1119;48,3
1133,299;45,8;46,5;1120;48,2
1134,299;45,9;46,5;1121;48,2
1135,299;45,9;46,6;1122;48,2
1136,299;45,9;46,5;1123;48,2
1137,299;45,9;46,5;1124;48,2
1138,299;46;46,5;1125;48,2
1139,299;45,8;46,4;1126;48,2
1140,299;45,9;46,5;1127;48,2
1141,299;46;46,5;1128;48,2
1142,299;46;46,4;1129;48,2
1143,299;46;46,4;1130;48,2
1144,299;46;46,5;1131;48,1
1145,299;46;46,5;1132;48,1
1146,299;46;46,4;1133;48,1
1147,299;45,9;46,4;1134;48,1
1148,299;45,9;46,5;1135;48,1
1149,299;45,9;46,4;1136;48,1
1150,299;46;46,5;1137;48,1
1151,299;46;46,5;1138;48,1
1152,299;46;46,6;1139;48,1
1153,299;46;46,5;1140;48,1
1154,299;45,9;46,4;1141;48,1
1155,299;45,8;46,3;1142;48,1
1156,299;45,8;46,3;1143;48,1
1157,299;45,7;46,2;1144;48,1
1158,299;45,6;46,2;1145;48
1159,299;45,6;46,2;1146;48,1
1160,299;45,5;46,1;1147;48,1
1161,299;45,6;46,1;1148;48
1162,299;45,4;46,1;1149;48
1163,299;45,6;46,2;1150;48
1164,299;45,6;46,1;1151;48
1165,299;45,6;46,1;1152;48
1166,299;45,6;46,1;1153;48
1167,299;45,6;46,2;1154;48
1168,299;45,5;46,1;1155;48
1169,299;45,5;46,1;1156;48
1170,299;45,5;46,1;1157;48
1171,299;45,6;46,1;1158;48
1172,299;45,6;46,1;1159;48
1173,299;45,7;46,2;1160;47,9
1174,299;45,7;46,2;1161;47,9
1175,299;45,7;46,2;1162;47,9
1176,299;45,7;46,2;1163;47,9
1177,299;45,6;46,2;1164;47,9
1178,299;45,7;46,3;1165;47,9
1179,299;45,7;46,3;1166;47,9
1180,299;45,7;46,2;1167;47,9
1181,299;45,6;46,1;1168;47,9
1182,299;45,6;46,2;1169;47,9
1183,299;45,7;46,2;1170;47,9
1184,299;45,5;46,2;1171;47,9
1185,299;45;46,1;1172;47,9
1186,299;44,7;45,7;1173;47,9
1187,299;44,6;45,5;1174;47,9
1188,299;44,6;45,5;1175;47,8
1189,299;44,7;45,4;1176;47,8
1190,299;44,7;45,4;1177;47,8
1191,299;44,7;45,4;1178;47,8
1192,299;44,4;45,1;1179;47,8
1193,299;44,6;45,1;1180;47,8
1194,299;44,5;45;1181;47,8
1195,299;44,3;45;1182;47,8
1196,299;44,3;44,9;1183;47,8
1197,299;44,2;44,8;1184;47,8
1198,299;44,2;44,8;1185;47,8
1199,299;44,2;44,8;1186;47,8
1200,299;44,3;44,8;1187;47,8
1201,299;44;44,7;1188;47,8
1202,299;43,9;44,6;1189;47,8
1203,299;43,8;44,5;1190;47,8
1204,299;43,7;44,5;1191;47,8
1205,299;43,6;44,4;1192;47,8
1206,299;43,6;46,2;1193;47,7
1207,299;43,8;46,2;1194;47,7
1208,299;43,8;46,2;1195;47,7
1209,299;43,6;46;1196;47,7
1210,299;43,6;45,9;1197;47,7
1211,299;43,4;45,9;1198;47,7
1212,299;43,4;45,8;1199;47,7
1213,299;43,4;45,7;1200;47,7
1214,299;43,4;45,5;1201;47,7
1215,299;43,3;45,4;1202;47,7
1216,299;43,2;45,2;1203;47,7
1217,299;43,1;45,2;1204;47,7
1218,299;43,2;45,2;1205;47,7
1219,332;43,3;45,2;1206;47,7
1220,332;43,4;45,2;1207;47,7
1221,332;43,3;45,1;1208;47,7
1222,332;43,4;45;1209;47,7
1223,332;43,2;45;1210;47,6
1224,332;43,3;45;1211;47,6
1225,332;43,4;45;1212;47,6
1226,332;43,3;44,8;1213;47,6
1227,332;43,3;44,8;1214;47,6
1228,332;43,3;44,8;1215;47,6
1229,332;43,3;44,8;1216;47,6
1230,332;43,2;44,7;1217;47,6
1231,332;43,2;44,7;1218;47,6
1232,332;43,2;44,7;1219;47,6
1233,332;43,2;44,6;1220;47,6
1234,332;43,3;44,6;1221;47,6
1235,332;43,3;44,5;1222;47,6
1236,332;43,3;44,6;1223;47,6
1237,332;43,3;44,6;1224;47,6
1238,332;43,2;44,7;1225;47,6
1239,332;43,2;44,6;1226;47,6
1240,332;43,1;44,6;1227;47,6
1241,332;39,4;40,1;1228;47,5
1243,199;43,1;44,5;1229;47,5
1244,199;43,1;44,5;1230;47,5
1245,199;43,1;44,5;1231;47,5
1246,199;43,1;44,4;1232;47,5
1247,199;42,9;44,4;1233;47,5
1248,199;42,8;44,3;1234;47,5
1249,199;42,8;44,3;1235;47,5
1250,199;42,8;44,3;1236;47,5
1251,199;42,7;44,2;1237;47,5
1252,199;42,7;44,1;1238;47,5
1253,199;42,7;44;1239;47,5
1254,199;42,7;44,1;1240;47,5
1255,199;42,8;44,1;1241;47,4
1256,199;42,8;44,2;1242;47,4
1257,199;42,7;44,2;1243;47,4
1258,199;42,3;43,9;1244;47,4
1259,199;42,3;43,9;1245;47,4
1260,199;42,2;43,9;1246;47,4
1261,199;42,1;43,9;1247;47,4
1262,199;42,2;43,7;1248;47,4
1263,199;42,2;43,6;1249;47,4
1264,199;42,2;43,6;1250;47,4
1265,199;42,3;43,6;1251;47,4
1266,199;42,1;43,5;1252;47,4
1267,199;42,1;43,4;1253;47,4
1268,199;41,9;43,4;1254;47,4
1269,199;42;43,3;1255;47,3
1270,199;42,1;43,4;1256;47,3
1271,199;42;43,3;1257;47,3
1272,199;41,9;43,3;1258;47,3
1273,199;41,9;43,3;1259;47,3
1274,199;41,9;43,3;1260;47,3
1275,199;41,8;43,3;1261;47,3
1276,199;41,7;43,3;1262;47,3
1277,199;41,7;43,3;1263;47,3
1278,199;41,9;43,3;1264;47,2
1279,199;41,8;43,3;1265;47,2
1280,199;42;43,3;1266;47,2
1281,199;42;43,2;1267;47,2
1282,199;41,9;43,2;1268;47,2
1283,199;41,8;43,2;1269;47,2
1284,199;41,8;43,2;1270;47,2
1285,199;41,8;43,2;1271;47,2
1286,199;41,8;43,2;1272;47,2
1287,199;41,8;43,2;1273;47,2
1288,199;41,8;43,2;1274;47,2
1289,199;41,8;43,1;1275;47,1
1290,199;41,7;43,1;1276;47,1
1291,199;41,7;43,2;1277;47,1
1292,199;41,6;43,1;1278;47,1
1293,199;41,5;43,1;1279;47,1
1294,199;41,4;43,1;1280;47,1
1295,199;41,4;43,1;1281;47,1
1296,199;41,4;43,2;1282;47,1
1297,199;41,5;43,1;1283;47,1
1298,199;41,5;43,1;1284;47
1299,199;41,4;43,1;1285;47
1300,199;41,4;43,2;1286;47
1301,199;41,4;43,1;1287;47
1302,199;41,3;43,2;1288;47
1303,199;41,3;43,1;1289;47
1304,199;41,4;43,1;1290;47
1305,199;41,5;43,1;1291;47
1306,199;41,5;43,1;1292;47
1307,199;41,5;43,1;1293;46,9
1308,199;41,4;43,1;1294;46,9
1309,199;41,4;43,1;1295;46,9
1310,199;41,4;43,1;1296;46,9
1311,199;41,3;43;1297;46,9
1312,199;41,4;43,1;1298;46,9
1313,199;41,4;43;1299;46,9
1314,199;41,4;43;1300;46,9
1315,199;41,5;43;1301;46,8
1316,199;41,5;43;1302;46,8
1317,199;41,4;43;1303;46,8
1318,199;41,3;43;1304;46,8
1319,199;41,5;43;1305;46,8
1320,199;41,4;43;1306;46,8
1321,199;41,4;43;1307;46,8
1322,199;41,4;43;1308;46,8
1323,199;41,1;43;1309;46,7
1324,199;41,2;43;1310;46,7
1325,199;41,2;42,9;1311;46,7
1326,199;41,1;43;1312;46,7
1327,199;41,2;42,9;1313;46,7
1328,199;41,2;42,9;1314;46,7
1329,199;41,1;42,9;1315;46,7
1330,199;41,1;42,9;1316;46,7
1331,199;41,2;42,9;1317;46,6
1332,199;41,2;42,9;1318;46,6
1333,199;41,2;42,9;1319;46,6
1334,199;41,1;42,9;1320;46,6
1335,199;41,1;42,9;1321;46,6
1336,199;41,2;42,9;1322;46,6
1337,199;41,2;42,9;1323;46,6
1338,199;41,1;42,9;1324;46,5
1339,199;41,1;42,9;1325;46,5
1340,199;41,2;42,9;1326;46,5
1341,199;41,2;42,9;1327;46,5
1342,199;41,1;42,9;1328;46,5
1343,199;41,1;42,8;1329;46,5
1344,199;41,1;42,8;1330;46,5
1345,199;41,1;42,8;1331;46,5
1346,232;41,2;42,8;1332;46,5
1347,232;41,2;42,8;1333;46,4
1348,232;41;42,8;1334;46,4
1349,232;40,9;42,8;1335;46,4
1350,232;40,9;42,8;1336;46,4
1351,232;40,9;42,8;1337;46,4
1352,232;41;42,8;1338;46,4
1353,232;41,1;42,8;1339;46,3
1354,232;41;42,8;1340;46,3
1355,232;41;42,7;1341;46,3
1356,232;41;42,7;1342;46,3
1357,232;41;42,8;1343;46,3
1358,232;41;42,8;1344;46,3
1359,232;41;42,7;1345;46,3
1360,232;41;42,7;1346;46,2
1361,232;41;42,7;1347;46,2
1362,232;41;42,7;1348;46,2
1363,232;41,1;42,7;1349;46,2
1364,232;40,9;42,7;1350;46,2
1365,232;40,8;42,7;1351;46,2
1366,232;40,8;42,7;1352;46,2
1367,232;40,8;42,7;1353;46,1
1368,232;40,9;42,7;1354;46,1
1369,232;40,8;42,6;1355;46,1
1370,232;40,8;42,6;1356;46,1
1371,232;40,8;42,7;1357;46,1
1372,232;40,6;42,6;1358;46,1
1373,232;40,6;42,6;1359;46,1
1374,232;40,7;42,7;1360;46
1375,232;40,7;42,7;1361;46
1376,232;40,6;42,6;1362;46
1377,232;40,6;42,6;1363;46
1378,232;40,7;42,6;1364;46
1379,232;40,7;42,6;1365;46
1380,232;40,7;42,6;1366;46
1381,232;40,7;42,6;1367;45,9
1382,232;40,6;42,6;1368;45,9
1383,232;40,6;42,7;1369;45,9
1384,232;40,6;42,6;1370;45,9
1385,232;40,5;42,7;1371;45,9
1386,232;40,5;42,6;1372;45,9
1387,232;40,5;42,6;1373;45,9
1388,232;40,6;42,5;1374;45,9
1389,232;40,5;42,6;1375;45,8
1390,232;40,4;42,5;1376;45,8
1391,232;40,4;42,6;1377;45,8
1392,232;40,4;42,6;1378;45,8
1393,232;40,4;42,6;1379;45,8
1394,232;40,4;42,5;1380;45,8
1395,232;40,4;42,5;1381;45,7
1396,232;40,5;42,6;1382;45,7
1397,232;40,4;42,5;1383;45,7
1398,232;40,3;42,5;1384;45,7
1399,232;40,2;42,5;1385;45,7
1400,232;40,3;42,5;1386;45,7
1401,232;40,3;42,5;1387;45,7
1402,232;40,2;42,5;1388;45,6
1403,232;40,2;42,5;1389;45,6
1404,232;40,2;42,4;1390;45,6
1405,232;40,2;42,5;1391;45,6
1406,232;40,2;42,5;1392;45,6
1407,232;40,3;42,5;1393;45,6
1408,232;40,3;42,5;1394;45,6
1409,232;40,3;42,5;1395;45,5
1410,232;40,2;42,4;1396;45,5
1411,232;40,3;42,5;1397;45,5
1412,232;40,2;42,5;1398;45,5
1413,232;40,3;42,5;1399;45,5
1414,232;40,3;42,5;1400;45,5
1415,232;40,3;42,5;1401;45,5
1416,232;40,2;42,5;1402;45,4
1417,232;40,2;42,4;1403;45,4
1418,232;40,2;42,4;1404;45,4
1419,232;40,2;42,4;1405;45,4
1420,232;40,2;42,4;1406;45,4
1421,232;40,2;42,4;1407;45,4
1422,232;40,2;42,4;1408;45,4
1423,266;40;42,4;1409;45,4
1424,266;40,1;42,4;1410;45,3
1425,266;40,1;42,3;1411;45,3
1426,266;40,1;42,4;1412;45,3
1427,266;40,1;42,4;1413;45,3
1428,266;39,9;42,3;1414;45,3
1429,266;40;42,3;1415;45,3
1430,266;40;42,3;1416;45,2
1431,266;40;42,3;1417;45,2
1432,266;39,9;42,3;1418;45,2
1433,266;39,9;42,3;1419;45,2
1434,266;40,1;42,3;1420;45,2
1435,266;40;42,3;1421;45,2
1436,266;39,9;42,3;1422;45,2
1437,266;40;42,3;1423;45,2
1438,266;39,9;42,3;1424;45,1
1439,266;39,9;42,3;1425;45,1
1440,266;40;42,3;1426;45,1
1441,266;39,9;42,2;1427;45,1
1442,266;40;42,2;1428;45,1
1443,266;40;42,2;1429;45,1
1444,266;40,1;42,2;1430;45
1445,266;40;42,2;1431;45
1446,266;40;42,2;1432;45
1447,266;40;42,2;1433;45
1448,266;39,9;42,2;1434;45
1449,266;39,9;42,2;1435;45
1450,266;39,9;42,2;1436;45
1451,266;40;42,2;1437;44,9
1452,266;40;42,2;1438;44,9
1453,266;39,9;42,2;1439;44,9
1454,266;40;42,1;1440;44,9
1455,266;40;42,1;1441;44,9
1456,266;39,9;42,1;1442;44,9
1457,266;39,9;42,1;1443;44,9
1458,266;39,9;42,1;1444;44,8
1461,032;40;42,2;1445;44,8
1462,066;40;42,2;1446;44,8
1463,066;40;42,2;1447;44,8
1464,066;39,9;42,2;1448;44,8
1465,066;39,8;42,1;1449;44,8
1466,066;39,8;42,1;1450;44,8
1467,066;39,9;42,2;1451;44,7
1468,066;39,8;42,2;1452;44,7
1469,066;39,8;42,2;1453;44,7
1470,066;39,8;42,1;1454;44,7
1471,066;39,8;42,1;1455;44,7
1472,066;39,8;42,1;1456;44,7
1473,066;39,7;42,1;1457;44,7
1474,066;39,7;42,1;1458;44,7
1475,066;39,7;42;1459;44,6
1476,066;39,7;42,1;1460;44,6
1477,066;39,7;42,1;1461;44,6
1478,066;39,6;42;1462;44,6
1479,066;39,6;42,1;1463;44,6
1480,066;39,7;42,1;1464;44,6
1481,066;39,8;42,1;1465;44,6
1482,066;39,7;42,1;1466;44,6
1483,066;39,7;42,1;1467;44,5
1484,066;39,7;42;1468;44,5
1485,066;39,7;42;1469;44,5
1486,066;39,7;42,1;1470;44,5
1487,066;39,7;42,1;1471;44,5
1488,066;39,7;42,1;1472;44,5
1489,066;39,7;42,1;1473;44,4
1490,066;39,8;42,1;1474;44,4
1491,066;39,8;42,1;1475;44,4
1492,066;39,8;42;1476;44,4
1493,066;39,7;42;1477;44,4
1494,066;39,7;42;1478;44,4
1495,066;39,7;42;1479;44,4
1496,066;39,8;42;1480;44,4
1497,066;39,7;42;1481;44,3
1498,066;39,6;42;1482;44,3
1499,066;39,7;42;1483;44,3
1500,066;39,7;42;1484;44,3
1501,066;39,7;42;1485;44,3
1502,066;39,6;42;1486;44,3
1503,066;39,7;42;1487;44,3
1504,066;39,6;42;1488;44,2
1505,066;39,6;41,9;1489;44,2
1506,066;39,6;42;1490;44,2
1507,066;39,5;41,9;1491;44,2
1508,066;39,6;41,9;1492;44,2
1509,066;39,6;41,9;1493;44,2
1510,099;39,7;41,9;1494;44,2
1511,099;39,8;41,9;1495;44,2
1512,099;39,8;41,9;1496;44,1
1513,099;39,8;41,9;1497;44,1
1514,099;39,6;41,8;1498;44,1
1515,099;39,6;41,9;1499;44,1
1516,099;39,7;41,8;1500;44,1
1517,099;39,6;41,8;1501;44,1
1518,099;39,6;41,9;1502;44,1
1519,099;39,5;41,9;1503;44,1
1520,099;39,5;41,9;1504;44
1521,099;39,6;41,9;1505;44
1522,099;39,7;41,9;1506;44
1523,099;39,6;41,9;1507;44
1524,099;39,6;41,9;1508;44
1525,099;39,6;41,9;1509;44
1526,099;39,6;41,8;1510;44
1527,099;39,7;41,9;1511;43,9
1528,099;39,7;41,8;1512;43,9
1529,099;39,7;41,8;1513;43,9
1530,099;39,7;42;1514;43,9
1531,099;39,7;41,8;1515;43,9
1532,099;39,7;41,8;1516;43,9
1533,099;39,5;41,8;1517;43,9
1534,099;39,5;41,8;1518;43,8
1535,099;39,4;41,8;1519;43,8
1536,099;39,4;41,8;1520;43,8
1537,099;39,3;41,8;1521;43,8
1538,099;39,3;41,8;1522;43,8
1539,099;39,3;41,7;1523;43,8
1540,099;39,4;41,8;1524;43,8
1541,099;39,5;41,7;1525;43,8
1542,099;39,5;41,8;1526;43,7
1543,099;39,5;41,8;1527;43,7
1544,099;39,5;41,7;1528;43,7
1545,099;39,6;41,8;1529;43,7
1546,099;39,5;41,7;1530;43,7
1547,099;39,5;41,7;1531;43,7
1548,099;39,5;41,7;1532;43,7
1549,099;39,5;41,7;1533;43,7
1550,099;39,5;41,7;1534;43,6
1551,099;39,4;41,7;1535;43,6
1552,099;39,5;41,7;1536;43,6
1553,099;39,5;41,7;1537;43,6
1554,099;39,5;41,7;1538;43,6
1555,099;39,5;41,7;1539;43,6
1556,099;39,4;41,7;1540;43,6
1557,099;39,4;41,7;1541;43,6
1558,099;39,4;41,7;1542;43,6
1559,099;39,4;41,7;1543;43,5
1560,099;39,4;41,6;1544;43,5
1561,099;39,4;41,6;1545;43,5
1562,132;39,5;41,7;1546;43,5
1563,132;39,5;41,6;1547;43,5
1564,132;39,5;41,6;1548;43,5
1565,132;39,5;41,6;1549;43,5
1566,132;39,5;41,6;1550;43,5
1567,132;39,4;41,6;1551;43,4
1568,132;39,4;41,6;1552;43,4
1569,132;39,3;41,6;1553;43,4
1570,132;39,3;41,7;1554;43,4
1571,132;39,3;41,6;1555;43,4
1572,132;39,3;41,6;1556;43,4
1573,132;39,2;41,6;1557;43,4
1574,132;39,3;41,6;1558;43,4
1575,132;39,3;41,5;1559;43,3
1576,132;39,3;41,5;1560;43,3
1577,132;39,2;41,5;1561;43,3
1578,132;39,3;41,6;1562;43,3
1579,132;39,3;41,5;1563;43,3
1580,132;39,3;41,5;1564;43,3
1581,132;39,3;41,5;1565;43,3
1582,132;39,3;41,5;1566;43,3
1583,132;39,3;41,5;1567;43,2
1584,132;39,2;41,5;1568;43,2
1585,132;39,2;41,5;1569;43,2
1586,132;39,1;41,5;1570;43,2
1587,132;39,2;41,5;1571;43,2
1588,132;39,2;41,5;1572;43,2
1589,132;39,1;41,4;1573;43,2
1590,132;39,2;41,4;1574;43,2
1591,132;39,1;41,4;1575;43,2
1592,132;39,2;41,5;1576;43,2
1593,132;39,2;41,5;1577;43,1
1594,132;39,2;41,4;1578;43,1
1595,132;39,2;41,5;1579;43,1
1596,132;39,1;41,4;1580;43,1
1597,132;39,2;41,4;1581;43,1
1598,132;39,2;41,4;1582;43,1
1599,132;39,1;41,4;1583;43,1
1600,132;39,2;41,4;1584;43,1
1601,132;39,3;41,4;1585;43
1602,132;39,3;41,4;1586;43
1603,132;39,3;41,4;1587;43
1604,132;39,3;41,4;1588;43
1605,132;39,3;41,4;1589;43
1606,132;39,3;41,4;1590;43
1607,132;39,3;41,4;1591;43
1608,132;39,3;41,4;1592;43
1609,132;39,3;41,4;1593;43
1610,132;39,3;41,4;1594;42,9
1611,132;39,2;41,3;1595;42,9
1612,132;39,2;41,4;1596;42,9
1613,132;39,2;41,4;1597;42,9
1614,132;39,2;41,3;1598;42,9
1615,132;39,2;41,3;1599;42,9
1616,132;39,2;41,3;1600;42,9
1617,132;39,2;41,4;1601;42,9
1618,132;39,2;41,3;1602;42,8
1619,132;39,1;41,3;1603;42,8
1620,132;39,2;41,3;1604;42,8
1621,132;39,2;41,3;1605;42,8
1622,132;39,3;41,3;1606;42,8
1623,132;39,3;41,3;1607;42,8
1624,132;39,2;41,3;1608;42,8
1625,132;39,1;41,3;1609;42,8
1626,132;39,1;41,3;1610;42,8
1627,132;39,2;41,3;1611;42,7
1628,132;39,2;41,2;1612;42,7
1629,132;39,2;41,2;1613;42,7
1630,132;39,2;41,2;1614;42,7
1631,132;39,2;41,2;1615;42,7
1632,132;39,2;41,2;1616;42,7
1633,165;39,2;41,2;1617;42,7
1634,165;39,2;41,3;1618;42,7
1635,165;39,2;41,2;1619;42,7
1636,165;39,2;41,2;1620;42,6
1637,165;39,1;41,2;1621;42,6
1638,165;39,1;41,2;1622;42,6
1639,165;39,2;41,2;1623;42,6
1640,165;39,2;41,2;1624;42,6
1641,165;39,2;41,2;1625;42,6
1642,165;39,2;41,2;1626;42,6
1643,165;39,1;41,2;1627;42,6
1644,165;39;41,2;1628;42,6
1645,165;39;41,2;1629;42,5
1646,165;39;41,2;1630;42,5
1647,165;39;41,2;1631;42,5
1648,165;39;41,2;1632;42,5
1649,165;38,9;41,2;1633;42,5
1650,165;38,9;41,1;1634;42,5
1651,165;38,9;41,2;1635;42,5
1652,165;38,9;41,2;1636;42,5
1653,165;39,1;41,2;1637;42,5
1654,165;39,1;41,1;1638;42,4
1655,165;39;41,1;1639;42,4
1656,165;39;41,2;1640;42,4
1657,165;38,9;41,1;1641;42,4
1658,165;38,9;41,1;1642;42,4
1659,165;38,9;41,1;1643;42,4
1660,165;39;41,1;1644;42,4
1661,165;39;41,1;1645;42,4
1662,165;39;41,1;1646;42,4
1663,165;38,9;41,1;1647;42,4
1664,165;38,9;41,1;1648;42,3
1665,165;38,9;41,1;1649;42,3
1666,165;39;41,1;1650;42,3
1667,165;39;41,1;1651;42,3
1668,165;39;41,1;1652;42,3
1669,165;39;41,1;1653;42,3
1670,165;39;41,1;1654;42,3
1671,165;39;41,1;1655;42,3
1672,165;38,9;41,1;1656;42,3
1673,165;38,9;41,1;1657;42,2
1674,165;38,9;41,1;1658;42,2
1675,165;39;41;1659;42,2
1676,165;39;41;1660;42,2
1677,165;39;41;1661;42,2
1678,165;38,9;41;1662;42,2
1679,165;39;41;1663;42,2
1680,165;39;41;1664;42,2
1681,165;39;41;1665;42,2
1682,165;38,9;41;1666;42,2
1683,165;38,9;41;1667;42,1
1684,165;38,9;41;1668;42,1
1685,165;38,9;41;1669;42,1
1686,165;38,9;40,9;1670;42,1
1687,165;38,9;41;1671;42,1
1688,165;38,9;41;1672;42,1
1689,165;38,9;41;1673;42,1
1690,165;38,8;40,9;1674;42,1
1691,165;38,9;40,9;1675;42,1
1692,165;38,9;40,9;1676;42,1
1693,165;38,8;40,9;1677;42
1694,165;38,8;40,9;1678;42
1695,165;38,9;40,9;1679;42
1696,165;38,8;40,9;1680;42
1697,165;38,8;40,9;1681;42
1698,165;38,8;40,9;1682;42
1699,165;38,8;40,9;1683;42
1700,165;38,8;40,9;1684;42
1701,165;38,8;40,9;1685;42
1703,765;39;40,9;1686;42
1704,765;38,9;40,9;1687;41,9
1705,765;39;40,9;1688;41,9
1706,765;38,9;41;1689;41,9
1707,765;38,9;40,9;1690;41,9
1708,765;38,9;40,9;1691;41,9
1709,765;38,9;40,9;1692;41,9
1710,765;38,9;40,9;1693;41,9
1711,765;38,9;40,9;1694;41,9
1712,765;39;40,9;1695;41,9
1713,765;39;40,8;1696;41,9
1714,765;39;40,9;1697;41,8
1715,765;38,9;40,9;1698;41,8
1716,765;38,9;40,8;1699;41,8
1717,765;38,9;40,9;1700;41,8
1718,765;38,9;40,9;1701;41,8
1719,765;39;40,9;1702;41,8
1720,765;39;40,9;1703;41,8
1721,765;38,9;40,9;1704;41,8
1722,765;38,9;40,9;1705;41,8
1723,765;38,9;40,9;1706;41,7
1724,765;38,9;40,9;1707;41,7
1725,765;38,9;40,9;1708;41,7
1726,765;38,9;40,9;1709;41,7
1727,765;38,9;40,9;1710;41,7
1728,765;39;40,8;1711;41,7
1729,765;39;40,8;1712;41,7
1730,765;39;40,8;1713;41,7
1731,765;39;40,8;1714;41,7
1732,765;38,9;40,8;1715;41,7
1733,765;39;40,8;1716;41,6
1734,765;38,9;40,7;1717;41,6
1735,765;38,9;40,8;1718;41,6
1736,765;38,9;40,8;1719;41,6
1737,765;39;40,7;1720;41,6
1738,765;39;40,8;1721;41,6
1739,765;38,9;40,8;1722;41,6
1740,765;39;40,8;1723;41,6
1741,765;38,9;40,7;1724;41,6
1742,765;38,8;40,7;1725;41,6
1743,765;38,8;40,7;1726;41,5
1744,765;38,8;40,7;1727;41,5
1745,765;38,7;40,7;1728;41,5
1746,765;38,7;40,8;1729;41,5
1747,765;38,8;40,8;1730;41,5
1748,765;38,7;40,7;1731;41,5
1749,765;38,7;40,7;1732;41,5
1750,765;38,7;40,7;1733;41,5
1751,765;38,8;40,7;1734;41,5
1752,765;38,8;40,7;1735;41,5
1753,765;38,8;40,6;1736;41,4
1754,765;38,8;40,7;1737;41,4
1755,765;38,8;40,6;1738;41,4
1756,765;38,8;40,7;1739;41,4
1757,765;38,8;40,6;1740;41,4
1758,765;38,8;40,7;1741;41,4
1759,765;38,8;40,7;1742;41,4
1760,765;38,8;40,7;1743;41,4
1761,765;38,9;40,7;1744;41,4
1762,765;38,8;40,6;1745;41,4
1763,765;38,7;40,6;1746;41,4
1764,765;38,7;40,6;1747;41,3
1765,765;38,6;40,6;1748;41,3
1766,765;38,6;40,6;1749;41,3
1767,765;38,6;40,6;1750;41,3
1768,765;38,7;40,6;1751;41,3
1769,765;38,8;40,6;1752;41,3
1770,765;38,7;40,6;1753;41,3
1771,765;38,7;40,6;1754;41,3
1772,765;38,7;40,6;1755;41,3
1773,765;38,7;40,6;1756;41,3
1774,765;38,7;40,6;1757;41,3
1775,765;38,7;40,6;1758;41,2
1776,765;38,7;40,6;1759;41,2
1777,765;38,7;40,6;1760;41,2
1778,799;38,7;40,6;1761;41,2
1779,799;38,7;40,6;1762;41,2
1780,799;38,7;40,6;1763;41,2
1781,799;38,8;40,6;1764;41,2
1782,799;38,7;40,6;1765;41,2
1783,799;38,7;40,6;1766;41,2
1784,799;38,7;40,6;1767;41,2
1785,799;38,7;40,5;1768;41,2
1786,799;38,7;40,6;1769;41,1
1787,799;38,6;40,6;1770;41,1
1788,799;38,6;40,6;1771;41,1
1789,799;38,6;40,6;1772;41,1
1790,799;38,6;40,6;1773;41,1
1791,799;38,7;40,5;1774;41,1
1792,799;38,7;40,6;1775;41,1
1793,799;38,7;40,6;1776;41,1
1794,799;38,8;40,6;1777;41,1
1795,799;38,7;40,5;1778;41,1
1796,799;38,7;40,5;1779;41,1
1797,799;38,6;40,5;1780;41
1798,799;38,6;40,5;1781;41
1799,799;38,6;40,5;1782;41
1800,799;38,6;40,4;1783;41
1801,799;38,6;40,5;1784;41
1802,799;38,6;40,5;1785;41
1803,799;38,6;40,4;1786;41
1804,799;38,6;40,5;1787;41
1805,799;38,6;40,5;1788;41
1806,799;38,6;40,5;1789;41
1807,799;38,6;40,4;1790;40,9
1808,799;38,7;40,4;1791;40,9
1809,799;38,6;40,5;1792;40,9
1810,799;38,6;40,4;1793;40,9
1811,799;38,6;40,5;1794;40,9
1812,799;38,6;40,4;1795;40,9
1813,799;38,6;40,4;1796;40,9
1814,799;38,5;40,5;1797;40,9
1815,799;38,6;40,4;1798;40,9
1816,799;38,6;40,4;1799;40,9
1817,799;38,6;40,4;1800;40,9
1818,799;38,6;40,4;1801;40,9
1819,799;38,6;40,4;1802;40,8
1820,799;38,6;40,4;1803;40,8
1821,799;38,6;40,4;1804;40,8
1822,799;38,6;40,4;1805;40,8
1823,799;38,7;40,4;1806;40,8
1824,799;38,6;40,4;1807;40,8
1825,799;38,5;40,4;1808;40,8
1826,799;38,5;40,4;1809;40,8
1827,799;38,5;40,3;1810;40,8
1828,799;38,5;40,4;1811;40,8
1829,799;38,5;40,4;1812;40,8
1830,799;38,5;40,3;1813;40,8
1831,799;38,5;40,4;1814;40,7
1832,799;38,6;40,3;1815;40,7
1833,799;38,6;40,3;1816;40,7
1834,799;38,6;40,3;1817;40,7
1835,799;38,5;40,4;1818;40,7
1836,799;38,5;40,3;1819;40,7
1837,832;38,5;40,4;1820;40,7
1838,832;38,5;40,3;1821;40,7
1839,832;38,5;40,4;1822;40,7
1840,832;38,5;40,4;1823;40,7
1841,832;38,4;40,3;1824;40,6
1842,832;38,5;40,3;1825;40,6
1843,832;38,4;40,4;1826;40,6
1844,832;38,4;40,3;1827;40,6
1845,832;38,4;40,3;1828;40,6
1846,832;38,4;40,3;1829;40,6
1847,832;38,4;40,3;1830;40,6
1848,832;38,4;40,3;1831;40,6
1849,832;38,4;40,3;1832;40,6
1850,832;38,4;40,3;1833;40,6
1851,832;38,4;40,3;1834;40,5
1852,832;38,4;40,3;1835;40,5
1853,832;38,4;40,3;1836;40,5
1854,832;38,4;40,2;1837;40,5
1855,832;38,4;40,3;1838;40,5
1856,832;38,5;40,2;1839;40,5
1857,832;38,5;40,3;1840;40,5
1858,832;38,5;40,3;1841;40,5
1859,832;38,4;40,2;1842;40,5
1860,832;38,4;40,3;1843;40,5
1861,832;38,4;40,2;1844;40,5
1862,832;38,4;40,2;1845;40,5
1863,832;38,4;40,2;1846;40,4
1864,832;38,4;40,1;1847;40,4
1865,832;38,5;40,2;1848;40,4
1866,832;38,4;40,2;1849;40,4
1867,865;38,4;40,1;1850;40,4
1868,865;38,4;40,2;1851;40,4
1869,865;38,4;40,1;1852;40,4
1870,865;38,4;40,1;1853;40,4
1871,865;38,4;40,1;1854;40,4
1872,865;38,4;40,1;1855;40,4
1873,865;38,4;40,1;1856;40,4
1874,865;38,4;40,1;1857;40,4
1875,865;38,4;40,1;1858;40,3
1876,865;38,4;40,1;1859;40,3
1877,865;38,3;40,1;1860;40,3
1878,865;38,3;40,1;1861;40,3
1879,865;38,4;40,1;1862;40,3
1880,865;38,3;40,1;1863;40,3
1881,865;38,4;40,1;1864;40,3
1882,865;38,4;40,1;1865;40,3
1883,865;38,4;40,1;1866;40,3
1884,865;38,4;40,1;1867;40,3
1885,865;38,4;40;1868;40,3
1886,865;38,4;40,1;1869;40,3
1887,865;38,4;40,1;1870;40,2
1888,865;38,4;40;1871;40,2
1889,865;38,4;40;1872;40,2
1890,865;38,4;40,1;1873;40,2
1891,865;38,4;40,1;1874;40,2
1892,865;38,5;40,1;1875;40,2
1893,865;38,4;40,1;1876;40,2
1894,865;38,4;40,1;1877;40,2
1895,865;38,4;40,1;1878;40,2
1896,865;38,3;40,1;1879;40,2
1897,865;38,4;40,1;1880;40,2
1898,898;38,3;40,1;1881;40,2
1899,898;38,3;40;1882;40,1
1900,898;38,3;40;1883;40,1
1901,898;38,3;40,1;1884;40,1
1902,898;38,2;40;1885;40,1
1903,898;38,2;40;1886;40,1
1904,898;38,2;40;1887;40,1
1905,898;38,2;40;1888;40,1
1906,898;38,2;40;1889;40,1
1907,898;38,2;40;1890;40,1
1908,898;38,2;40;1891;40,1
1909,898;38,1;40;1892;40,1
1910,898;38,2;40;1893;40
1911,898;38,2;40;1894;40
1912,898;38,1;39,9;1895;40
1913,898;38,1;39,9;1896;40
1914,898;38,2;40;1897;40
1915,898;38,2;40;1898;40
1916,898;38,2;39,9;1899;40
1917,898;38,2;39,9;1900;40
1918,898;38,2;39,9;1901;40
1919,898;38,3;39,9;1902;40
1920,898;38,3;40;1903;40
1921,898;38,3;39,9;1904;40
1922,898;38,3;39,9;1905;39,9
1923,898;38,3;39,9;1906;39,9
1924,898;38,3;39,9;1907;39,9
1925,898;38,3;39,9;1908;39,9
1926,898;38,2;39,9;1909;39,9
1927,898;38,2;39,9;1910;39,9
1928,898;38,3;39,9;1911;39,9
1929,898;38,3;39,9;1912;39,9
1930,898;38,3;39,9;1913;39,9
1931,898;38,3;39,9;1914;39,9
1932,898;38,2;39,9;1915;39,9
1933,898;38,1;39,9;1916;39,9
1934,898;38,1;39,8;1917;39,9
1935,898;38,1;39,9;1918;39,8
1936,898;38,1;39,8;1919;39,8
1937,898;38,1;39,8;1920;39,8
1938,898;38,1;39,8;1921;39,8
1939,898;38,1;39,8;1922;39,8
1940,898;38,2;39,8;1923;39,8
1941,898;38;39,8;1924;39,8
1942,898;38,2;39,8;1925;39,8
1943,898;38,2;39,8;1926;39,8
1944,898;38,2;39,9;1927;39,8
1945,898;38,1;39,8;1928;39,8
1946,898;38,1;39,8;1929;39,8
1947,898;38,1;39,8;1930;39,7
1948,898;38,1;39,8;1931;39,7
1949,898;38,1;39,8;1932;39,7
1950,898;38,2;39,8;1933;39,7
1951,898;38,1;39,7;1934;39,7
1952,898;38,2;39,8;1935;39,7
1953,898;38,2;39,8;1936;39,7
1954,898;38,2;39,8;1937;39,7
1955,898;38,1;39,7;1938;39,7
1956,898;38,1;39,8;1939;39,7
1957,898;38,1;39,8;1940;39,7
1958,898;38,2;39,8;1941;39,7
1959,898;38,2;39,8;1942;39,7
1960,898;38,1;39,8;1943;39,7
1961,898;38,1;39,7;1944;39,6
1962,898;38,1;39,8;1945;39,6
1963,898;38,1;39,8;1946;39,6
1964,898;38,1;39,7;1947;39,6
1965,898;38,1;39,7;1948;39,6
1966,898;38,2;39,7;1949;39,6
1967,898;38,2;39,7;1950;39,6
1968,898;38,1;39,7;1951;39,6
1969,898;38,2;39,7;1952;39,6
1970,898;38,1;39,7;1953;39,6
1971,898;38,1;39,7;1954;39,6
1972,898;38;39,7;1955;39,6
1973,898;38,1;39,7;1956;39,6
1974,898;38,1;39,7;1957;39,5
1975,898;38,1;39,7;1958;39,5
1976,898;38,1;39,6;1959;39,5
1977,898;38,1;39,7;1960;39,5
1978,898;38,1;39,7;1961;39,5
1979,898;38,2;39,7;1962;39,5
1980,898;38,2;39,7;1963;39,5
1981,932;55,5;74,6;1964;39,5
1984,298;38,2;39,7;1965;39,5
1985,298;38,1;39,6;1966;39,5
1986,298;38,1;39,7;1967;39,5
1987,298;38,1;39,7;1968;39,5
1988,298;38;39,6;1969;39,5
1989,298;38,1;39,7;1970;39,5
1990,298;38,2;39,7;1971;39,4
1991,298;38,2;39,6;1972;39,4
1992,298;38,2;39,6;1973;39,4
1993,298;38,1;39,6;1974;39,4
1994,298;38,1;39,7;1975;39,4
1995,298;38;39,6;1976;39,4
1996,298;38;39,6;1977;39,4
1997,298;38,1;39,6;1978;39,4
1998,298;38,1;39,6;1979;39,4
1999,298;38,1;39,7;1980;39,4
2000,298;38,1;39,6;1981;39,4
2001,298;38;39,7;1982;39,4
2002,298;38;39,6;1983;39,4
2003,298;37,9;39,6;1984;39,3
2004,298;38;39,6;1985;39,3
2005,298;38;39,6;1986;39,3
2006,298;38;39,6;1987;39,3
2007,298;38;39,6;1988;39,3
2008,298;37,9;39,6;1989;39,3
2009,298;38;39,6;1990;39,3
2010,298;37,9;39,6;1991;39,3
2011,298;37,9;39,5;1992;39,3
2012,298;37,9;39,6;1993;39,3
2013,298;37,9;39,6;1994;39,3
2014,298;37,9;39,6;1995;39,3
2015,298;37,9;39,6;1996;39,3
2016,298;37,9;39,6;1997;39,3
2017,298;37,9;39,6;1998;39,2
2018,298;37,9;39,6;1999;39,2
2019,298;37,9;39,6;2000;39,2
2020,298;37,9;39,6;2001;39,2
2021,298;37,9;39,6;2002;39,2
2022,298;37,9;39,5;2003;39,2
2023,298;37,9;39,5;2004;39,2
2024,298;37,8;39,5;2005;39,2
2025,298;37,9;39,5;2006;39,2
2026,298;38;39,6;2007;39,2
2027,298;37,9;39,5;2008;39,2
2028,298;37,9;39,5;2009;39,1
2029,298;37,9;39,5;2010;39,2
2030,298;38;39,5;2011;39,1
2031,298;38;39,5;2012;39,1
2032,298;37,9;39,5;2013;39,1
2033,298;38;39,5;2014;39,1
2034,298;38;39,5;2015;39,1
2035,298;37,9;39,5;2016;39,1
2036,298;37,9;39,5;2017;39,1
2037,298;37,9;39,5;2018;39,1
2038,298;37,9;39,5;2019;39,1
2039,298;37,9;39,5;2020;39,1
2040,298;37,9;39,5;2021;39,1
2041,298;37,9;39,4;2022;39,1
2042,298;37,8;39,4;2023;39,1
2043,298;37,8;39,4;2024;39
2044,298;37,9;39,5;2025;39
2045,298;37,9;39,4;2026;39
2046,298;37,9;39,4;2027;39
2047,298;37,9;39,4;2028;39
2048,298;37,9;39,4;2029;39
2049,298;37,8;39,4;2030;39
2050,298;37,9;39,5;2031;39
2051,298;37,9;39,4;2032;39
2052,298;37,9;39,4;2033;39
2053,298;37,8;39,4;2034;39
2054,298;37,8;39,4;2035;39
2055,298;37,8;39,4;2036;38,9
2056,298;37,8;39,4;2037;39
2057,298;37,8;39,4;2038;38,9
2058,298;37,8;39,4;2039;38,9
2059,298;37,8;39,4;2040;38,9
2060,298;37,9;39,4;2041;38,9
2061,298;37,8;39,4;2042;38,9
2062,298;37,9;39,4;2043;38,9
2063,298;37,9;39,4;2044;38,9
2064,298;37,8;39,4;2045;38,9
2065,298;37,8;39,4;2046;38,9
2066,298;37,8;39,4;2047;38,9
2067,298;37,8;39,4;2048;38,9
2068,298;37,9;39,4;2049;38,9
2069,298;37,8;39,3;2050;38,9
2070,298;37,9;39,3;2051;38,8
2071,298;37,9;39,3;2052;38,8
2072,298;37,8;39,4;2053;38,8
2073,298;37,8;39,3;2054;38,8
2074,298;37,8;39,3;2055;38,8
2075,298;37,8;39,3;2056;38,8
2076,298;37,8;39,3;2057;38,8
2077,298;37,8;39,3;2058;38,8
2078,298;37,8;39,3;2059;38,8
2079,298;37,8;39,3;2060;38,8
2080,298;37,8;39,3;2061;38,8
2081,298;37,8;39,3;2062;38,8
2082,298;37,8;39,3;2063;38,8
2083,298;37,8;39,3;2064;38,8
2084,298;37,7;39,3;2065;38,8
2085,298;37,7;39,3;2066;38,7
2086,298;37,7;39,3;2067;38,7
2087,298;37,7;39,3;2068;38,7
2088,298;37,7;39,3;2069;38,7
2089,298;37,7;39,4;2070;38,7
2090,298;37,7;39,3;2071;38,7
2091,298;37,7;39,2;2072;38,7
2092,298;37,7;39,3;2073;38,7
2093,298;37,7;39,3;2074;38,7
2094,298;37,7;39,3;2075;38,7
2095,298;37,7;39,2;2076;38,7
2096,298;37,7;39,3;2077;38,7
2097,298;37,7;39,2;2078;38,7
2098,298;37,7;39,3;2079;38,6
2099,298;37,7;39,3;2080;38,6
2100,298;37,7;39,2;2081;38,6
2101,298;37,7;39,2;2082;38,6
2102,298;37,7;39,2;2083;38,6
2103,298;37,7;39,2;2084;38,6
2104,298;37,7;39,2;2085;38,6
2105,298;37,7;39,2;2086;38,6
2106,298;37,8;39,3;2087;38,6
2107,298;37,7;39,2;2088;38,6
2108,298;37,7;39,2;2089;38,6
2109,298;37,8;39,2;2090;38,6
2110,298;37,7;39,2;2091;38,6
2111,298;37,7;39,2;2092;38,6
2112,298;37,7;39,2;2093;38,6
2113,298;37,7;39,2;2094;38,5
2114,298;37,7;39,2;2095;38,5
2115,298;37,7;39,3;2096;38,5
2116,298;37,7;39,2;2097;38,5
2117,298;37,7;39,2;2098;38,5
2118,298;37,7;39,2;2099;38,5
2119,298;37,7;39,2;2100;38,5
2120,298;37,7;39,2;2101;38,5
2121,298;37,7;39,2;2102;38,5
2122,298;37,7;39,2;2103;38,5
2123,298;37,6;39,2;2104;38,5
2124,298;37,7;39,2;2105;38,5
2125,298;37,7;39,2;2106;38,5
2126,298;37,6;39,2;2107;38,5
2127,298;37,6;39,2;2108;38,4
2128,298;37,6;39,2;2109;38,4
2129,298;37,6;39,1;2110;38,4
2130,298;37,6;39,1;2111;38,4
2131,298;37,5;39,2;2112;38,4
2132,298;37,6;39,1;2113;38,4
2133,298;37,6;39,2;2114;38,4
2134,298;37,6;39,2;2115;38,4
2135,298;37,6;39,1;2116;38,4
2136,298;37,6;39,1;2117;38,4
2137,298;37,6;39,1;2118;38,4
2138,298;37,5;39,1;2119;38,4
2139,298;37,5;39,1;2120;38,4
2140,298;37,5;39,1;2121;38,4
2141,298;37,5;39,1;2122;38,4
2142,298;37,5;39,2;2123;38,3
2143,298;37,6;39,1;2124;38,3
2144,298;37,6;39,1;2125;38,3
2145,298;37,5;39,1;2126;38,3
2146,298;37,6;39,2;2127;38,3
2147,298;37,6;39,2;2128;38,3
2148,298;37,5;39,1;2129;38,3
2149,298;37,5;39,2;2130;38,3
2150,298;37,5;39,2;2131;38,3
2151,298;37,5;39,2;2132;38,3
2152,298;37,5;39,1;2133;38,3
2153,298;37,5;39,2;2134;38,3
2154,298;37,5;39,2;2135;38,3
2155,298;37,5;39,1;2136;38,3
2156,298;37,4;39,1;2137;38,3
2157,298;37,5;39,1;2138;38,2
2158,298;37,5;39;2139;38,2
2159,298;37,5;39,1;2140;38,2
2160,298;37,5;39;2141;38,2
2161,298;37,5;39,1;2142;38,2
2162,298;37,5;39,1;2143;38,2
2163,298;37,5;39;2144;38,2
2164,298;37,5;39,1;2145;38,2
2165,298;37,5;39,1;2146;38,2
2166,298;37,6;39,1;2147;38,2
2167,298;37,5;39;2148;38,2
2168,298;37,5;39;2149;38,2
2169,298;37,4;39;2150;38,2
2170,298;37,4;39;2151;38,2
2171,298;37,4;39;2152;38,2
2172,331;37,4;39;2153;38,2
2173,331;37,5;39;2154;38,2
2174,331;37,4;38,9;2155;38,2
2175,331;37,4;39;2156;38,1
2176,331;37,4;39;2157;38,1
2177,331;37,4;39;2158;38,1
2178,331;37,5;39;2159;38,1
2179,331;37,5;39;2160;38,1
2180,331;37,5;39;2161;38,1
2181,331;37,5;39;2162;38,1
2182,331;37,4;38,9;2163;38,1
2183,331;37,4;38,9;2164;38,1
2184,331;37,4;39;2165;38,1
2185,331;37,4;39;2166;38,1
2186,331;37,4;39;2167;38,1
2187,331;37,4;38,9;2168;38,1
2188,331;37,4;39;2169;38,1
2189,331;37,4;38,9;2170;38,1
2190,331;37,3;38,9;2171;38
2191,331;37,4;39;2172;38
2192,331;37,4;39;2173;38
2193,331;37,4;39;2174;38
2194,331;37,3;38,9;2175;38
2195,331;37,3;38,9;2176;38
2196,331;37,3;38,9;2177;38
2197,331;37,3;38,9;2178;38
2198,331;37,3;38,9;2179;38
2199,331;37,3;38,9;2180;38
2200,331;37,3;38,9;2181;38
2201,331;37,3;38,9;2182;38
2202,331;37,3;38,9;2183;38
2203,331;37,3;38,9;2184;38
2204,331;37,3;38,9;2185;38
2205,331;37,3;38,9;2186;37,9
2206,331;37,3;38,9;2187;37,9
2207,331;37,3;38,9;2188;37,9
2208,331;37,3;38,9;2189;37,9
2209,331;37,3;38,9;2190;37,9
2210,331;37,3;39;2191;37,9
2211,331;37,3;38,9;2192;37,9
2212,331;37,3;38,9;2193;37,9
2213,331;37,3;38,9;2194;37,9
2214,331;37,3;38,9;2195;37,9
2215,331;37,3;38,9;2196;37,9
2216,331;37,3;38,8;2197;37,9
2217,331;37,3;38,9;2198;37,9
2218,331;37,3;38,9;2199;37,9
2219,331;37,3;38,9;2200;37,9
2220,331;37,3;39;2201;37,9
2221,331;37,2;39;2202;37,8
2222,331;37,2;38,9;2203;37,8
2223,331;37,2;38,9;2204;37,8
2224,331;37,2;38,9;2205;37,8
;;;2206;37,8
;;;2207;37,8
;;;2208;37,8
;;;2209;37,8
;;;2210;37,8
;;;2211;37,8
;;;2212;37,8
;;;2213;37,8
;;;2214;37,8
;;;2215;37,8
;;;2216;37,8
;;;2217;37,8
;;;2218;37,7
;;;2219;37,7
;;;2220;37,7
;;;2221;37,7
;;;2222;37,7
;;;2223;37,7
;;;2224;37,7
;;;2225;37,7
;;;2226;37,7
;;;2227;37,7
;;;2228;37,7
;;;2229;37,7
;;;2230;37,7
;;;2231;37,7
;;;2232;37,7
;;;2233;37,7
;;;2234;37,7
;;;2235;37,6
;;;2236;37,6
;;;2237;37,6
;;;2238;37,6
;;;2239;37,6
;;;2240;37,6
;;;2241;37,6
;;;2242;37,6
;;;2243;37,6
;;;2244;37,6
;;;2245;37,6
;;;2246;37,6
;;;2247;37,6
;;;2248;37,6
;;;2249;37,6
;;;2250;37,6
;;;2251;37,5
;;;2252;37,5
;;;2253;37,5
;;;2254;37,5
;;;2255;37,5
;;;2256;37,5
;;;2257;37,5
;;;2258;37,5
;;;2259;37,5
;;;2260;37,5
;;;2261;37,5
;;;2262;37,5
;;;2263;37,5
;;;2264;37,5
;;;2265;37,5
;;;2266;37,5
;;;2267;37,5
;;;2268;37,5
;;;2269;37,4
;;;2270;37,4
;;;2271;37,4
;;;2272;37,4
;;;2273;37,4
;;;2274;37,4
;;;2275;37,4
;;;2276;37,4
;;;2277;37,4
;;;2278;37,4
;;;2279;37,4
;;;2280;37,4
;;;2281;37,4
;;;2282;37,4
;;;2283;37,4
;;;2284;37,3
;;;2285;37,3
;;;2286;37,3
;;;2287;37,3
;;;2288;37,3
;;;2289;37,3
;;;2290;37,3
;;;2291;37,3
;;;2292;37,3
;;;2293;37,3
;;;2294;37,3
;;;2295;37,3
;;;2296;37,3
;;;2297;37,3
;;;2298;37,3
;;;2299;37,3
;;;2300;37,3
;;;2301;37,2
;;;2302;37,2
;;;2303;37,2
;;;2304;37,2
;;;2305;37,2
;;;2306;37,2
;;;2307;37,2
;;;2308;37,2
;;;2309;37,2
;;;2310;37,2
;;;2311;37,2
;;;2312;37,2
;;;2313;37,2
;;;2314;37,2
;;;2315;37,2
;;;2316;37,2
;;;2317;37,2
;;;2318;37,1
;;;2319;37,1
;;;2320;37,1
;;;2321;37,1
;;;2322;37,1
;;;2323;37,1
;;;2324;37,1
;;;2325;37,1
;;;2326;37,1
;;;2327;37,1
;;;2328;37,1
;;;2329;37,1
;;;2330;37,1
;;;2331;37,1
;;;2332;37,1
;;;2333;37,1
;;;2334;37,1
;;;2335;37,1
;;;2336;37
;;;2337;37
;;;2338;37
;;;2339;37
;;;2340;37
;;;2341;37
;;;2342;37
;;;2343;37
;;;2344;37
;;;2345;37
;;;2346;37
;;;2347;37
;;;2348;37
;;;2349;37
;;;2350;37
;;;2351;36,9
;;;2352;36,9
;;;2353;36,9
;;;2354;36,9
;;;2355;36,9
;;;2356;36,9
;;;2357;36,9
;;;2358;36,9
;;;2359;36,9
;;;2360;36,9
;;;2361;36,9
;;;2362;36,9
;;;2363;36,9
;;;2364;36,9
;;;2365;36,9
;;;2366;36,9
;;;2367;36,9
;;;2368;36,9
;;;2369;36,9
;;;2370;36,9
;;;2371;36,8
;;;2372;36,8
;;;2373;36,8
;;;2374;36,8
;;;2375;36,8
;;;2376;36,8
;;;2377;36,8
;;;2378;36,8
;;;2379;36,8
;;;2380;36,8
;;;2381;36,8
;;;2382;36,8
;;;2383;36,8
;;;2384;36,8
;;;2385;36,8
;;;2386;36,8
;;;2387;36,8
;;;2388;36,7
;;;2389;36,7
;;;2390;36,7
;;;2391;36,7
;;;2392;36,7
;;;2393;36,7
;;;2394;36,7
;;;2395;36,7
;;;2396;36,7
;;;2397;36,7
;;;2398;36,7
;;;2399;36,7
;;;2400;36,7
;;;2401;36,7
;;;2402;36,7
;;;2403;36,6
;;;2404;36,6
;;;2405;36,6
;;;2406;36,6
;;;2407;36,6
;;;2408;36,6
;;;2409;36,6
;;;2410;36,6
;;;2411;36,6
;;;2412;36,6
;;;2413;36,6
;;;2414;36,6
;;;2415;36,6
;;;2416;36,6
;;;2417;36,6
;;;2418;36,6
;;;2419;36,6
;;;2420;36,6
;;;2421;36,6
;;;2422;36,6
;;;2423;36,6
;;;2424;36,6
;;;2425;36,6
;;;2426;36,5
;;;2427;36,5
;;;2428;36,5
;;;2429;36,5
;;;2430;36,5
;;;2431;36,5
;;;2432;36,5
;;;2433;36,5
;;;2434;36,5
;;;2435;36,5
;;;2436;36,5
;;;2437;36,5
;;;2438;36,5
;;;2439;36,5
;;;2440;36,5
;;;2441;36,5
;;;2442;36,5
;;;2443;36,5
;;;2444;36,5
;;;2445;36,4
;;;2446;36,4
;;;2447;36,4
;;;2448;36,4
;;;2449;36,4
;;;2450;36,4
;;;2451;36,4
;;;2452;36,4
;;;2453;36,4
;;;2454;36,4
;;;2455;36,4
;;;2456;36,4
;;;2457;36,4
;;;2458;36,4
;;;2459;36,4
;;;2460;36,4
;;;2461;36,4
;;;2462;36,3
;;;2463;36,3
;;;2464;36,3
;;;2465;36,3
;;;2466;36,3
;;;2467;36,3
;;;2468;36,3
;;;2469;36,3
;;;2470;36,3
;;;2471;36,3
;;;2472;36,3
;;;2473;36,3
;;;2474;36,3
;;;2475;36,3
;;;2476;36,3
;;;2477;36,3
;;;2478;36,3
;;;2479;36,3
;;;2480;36,3
;;;2481;36,2
;;;2482;36,2
;;;2483;36,2
;;;2484;36,2
;;;2485;36,2
;;;2486;36,2
;;;2487;36,2
;;;2488;36,2
;;;2489;36,2
;;;2490;36,2
;;;2491;36,2
;;;2492;36,2
;;;2493;36,2
;;;2494;36,2
;;;2495;36,2
;;;2496;36,2
;;;2497;36,2
;;;2498;36,2
;;;2499;36,2
;;;2500;36,2
;;;2501;36,1
;;;2502;36,1
;;;2503;36,1
;;;2504;36,1
;;;2505;36,1
;;;2506;36,1
;;;2507;36,1
;;;2508;36,1
;;;2509;36,1
;;;2510;36,1
;;;2511;36,1
;;;2512;36,1
;;;2513;36,1
;;;2514;36,1
;;;2515;36,1
;;;2516;36,1
;;;2517;36,1
;;;2518;36,1
;;;2519;36,1
;;;2520;36,1
;;;2521;36
;;;2522;36
;;;2523;36
;;;2524;36
;;;2525;36
;;;2526;36
;;;2527;36
;;;2528;36
;;;2529;36
;;;2530;36
;;;2531;36
;;;2532;36
;;;2533;36
;;;2534;36
;;;2535;36
;;;2536;36
;;;2537;36
;;;2538;36
;;;2539;35,9
;;;2540;35,9
;;;2541;35,9
;;;2542;35,9
;;;2543;35,9
;;;2544;35,9
;;;2545;35,9
;;;2546;35,9
;;;2547;35,9
;;;2548;35,9
;;;2549;35,9
;;;2550;35,9
;;;2551;35,9
;;;2552;35,9
;;;2553;35,9
;;;2554;35,9
;;;2555;35,9
;;;2556;35,9
;;;2557;35,9
;;;2558;35,9
;;;2559;35,8
;;;2560;35,8
;;;2561;35,8
;;;2562;35,8
;;;2563;35,8
;;;2564;35,8
;;;2565;35,8
;;;2566;35,8
;;;2567;35,8
;;;2568;35,8
;;;2569;35,8
;;;2570;35,8
;;;2571;35,8
;;;2572;35,8
;;;2573;35,8
;;;2574;35,8
;;;2575;35,8
;;;2576;35,8
;;;2577;35,8
;;;2578;35,8
;;;2579;35,8
;;;2580;35,8
;;;2581;35,7
;;;2582;35,7
;;;2583;35,7
;;;2584;35,7
;;;2585;35,7
;;;2586;35,7
;;;2587;35,7
;;;2588;35,7
;;;2589;35,7
;;;2590;35,7
;;;2591;35,7
;;;2592;35,7
;;;2593;35,7
;;;2594;35,7
;;;2595;35,7
;;;2596;35,7
;;;2597;35,7
;;;2598;35,7
;;;2599;35,7
;;;2600;35,6
;;;2601;35,6
;;;2602;35,6
;;;2603;35,6
;;;2604;35,6
;;;2605;35,6
;;;2606;35,6
;;;2607;35,6
;;;2608;35,6
;;;2609;35,6
;;;2610;35,6
;;;2611;35,6
;;;2612;35,6
;;;2613;35,6
;;;2614;35,6
;;;2615;35,6
;;;2616;35,6
;;;2617;35,6
;;;2618;35,6
;;;2619;35,6
;;;2620;35,6
;;;2621;35,6
;;;2622;35,6
;;;2623;35,6
;;;2624;35,6
;;;2625;35,6
;;;2626;35,5
;;;2627;35,5
;;;2628;35,5
;;;2629;35,5
;;;2630;35,5
;;;2631;35,5
;;;2632;35,5
;;;2633;35,5
;;;2634;35,5
;;;2635;35,5
;;;2636;35,5
;;;2637;35,5
;;;2638;35,5
;;;2639;35,5
;;;2640;35,5
;;;2641;35,5
;;;2642;35,5
;;;2643;35,5
;;;2644;35,5
;;;2645;35,5
;;;2646;35,5
;;;2647;35,5
;;;2648;35,5
;;;2649;35,5
;;;2650;35,4
;;;2651;35,4
;;;2652;35,4
;;;2653;35,4
;;;2654;35,4
;;;2655;35,4
;;;2656;35,4
;;;2657;35,4
;;;2658;35,4
;;;2659;35,4
;;;2660;35,4
;;;2661;35,4
;;;2662;35,4
;;;2663;35,4
;;;2664;35,4
;;;2665;35,4
;;;2666;35,4
;;;2667;35,4
;;;2668;35,4
;;;2669;35,4
;;;2670;35,3
;;;2671;35,3
;;;2672;35,3
;;;2673;35,3
;;;2674;35,3
;;;2675;35,3
;;;2676;35,3
;;;2677;35,3
;;;2678;35,3
;;;2679;35,3
;;;2680;35,3
;;;2681;35,3
;;;2682;35,3
;;;2683;35,3
;;;2684;35,3
;;;2685;35,3
;;;2686;35,3
;;;2687;35,3
;;;2688;35,3
;;;2689;35,3
;;;2690;35,2
;;;2691;35,2
;;;2692;35,2
;;;2693;35,2
;;;2694;35,2
;;;2695;35,2
;;;2696;35,2
;;;2697;35,2
;;;2698;35,2
;;;2699;35,2
;;;2700;35,2
;;;2701;35,2
;;;2702;35,2
;;;2703;35,2
;;;2704;35,2
;;;2705;35,2
;;;2706;35,2
;;;2707;35,2
;;;2708;35,2
;;;2709;35,2
;;;2710;35,2
;;;2711;35,2
;;;2712;35,2
;;;2713;35,2
;;;2714;35,2
;;;2715;35,2
;;;2716;35,2
;;;2717;35,1
;;;2718;35,1
;;;2719;35,1
;;;2720;35,1
;;;2721;35,1
;;;2722;35,1
;;;2723;35,1
;;;2724;35,1
;;;2725;35,1
;;;2726;35,1
;;;2727;35,1
;;;2728;35,1
;;;2729;35,1
;;;2730;35,1
;;;2731;35,1
;;;2732;35,1
;;;2733;35,1
;;;2734;35,1
;;;2735;35,1
;;;2736;35,1
;;;2737;35,1
;;;2738;35,1
;;;2739;35,1
;;;2740;35
;;;2741;35
;;;2742;35
;;;2743;35
;;;2744;35
;;;2745;35
;;;2746;35
;;;2747;35
;;;2748;35
;;;2749;35
;;;2750;35
;;;2751;35
;;;2752;35
;;;2753;35
;;;2754;35
;;;2755;35
;;;2756;35
;;;2757;35
;;;2758;35
;;;2759;35
;;;2760;35
;;;2761;35
;;;2762;35
;;;2763;34,9
;;;2764;34,9
;;;2765;34,9
;;;2766;34,9
;;;2767;34,9
;;;2768;34,9
;;;2769;34,9
;;;2770;34,9
;;;2771;34,9
;;;2772;34,9
;;;2773;34,9
;;;2774;34,9
;;;2775;34,9
;;;2776;34,9
;;;2777;34,9
;;;2778;34,9
;;;2779;34,9
;;;2780;34,9
;;;2781;34,9
;;;2782;34,9
;;;2783;34,9
;;;2784;34,9
;;;2785;34,9
;;;2786;34,8
;;;2787;34,9
;;;2788;34,8
;;;2789;34,8
;;;2790;34,8
;;;2791;34,8
;;;2792;34,8
;;;2793;34,8
;;;2794;34,8
;;;2795;34,8
;;;2796;34,8
;;;2797;34,8
;;;2798;34,8
;;;2799;34,8
;;;2800;34,8
;;;2801;34,8
;;;2802;34,8
;;;2803;34,8
;;;2804;34,8
;;;2805;34,8
;;;2806;34,7
;;;2807;34,7
;;;2808;34,7
;;;2809;34,7
;;;2810;34,7
;;;2811;34,7
;;;2812;34,7
;;;2813;34,7
;;;2814;34,7
;;;2815;34,7
;;;2816;34,7
;;;2817;34,7
;;;2818;34,7
;;;2819;34,7
;;;2820;34,7
;;;2821;34,7
;;;2822;34,7
;;;2823;34,7
;;;2824;34,7
;;;2825;34,7
;;;2826;34,7
;;;2827;34,7
;;;2828;34,7
;;;2829;34,6
;;;2830;34,6
;;;2831;34,6
;;;2832;34,6
;;;2833;34,6
;;;2834;34,6
;;;2835;34,6
;;;2836;34,6
;;;2837;34,6
;;;2838;34,6
;;;2839;34,6
;;;2840;34,6
;;;2841;34,6
;;;2842;34,6
;;;2843;34,6
;;;2844;34,6
;;;2845;34,6
;;;2846;34,6
;;;2847;34,6
;;;2848;34,6
;;;2849;34,6
;;;2850;34,6
;;;2851;34,5
;;;2852;34,5
;;;2853;34,5
;;;2854;34,5
;;;2855;34,5
;;;2856;34,5
;;;2857;34,5
;;;2858;34,5
;;;2859;34,5
;;;2860;34,5
;;;2861;34,5
;;;2862;34,5
;;;2863;34,5
;;;2864;34,5
;;;2865;34,5
;;;2866;34,5
;;;2867;34,5
;;;2868;34,5
;;;2869;34,5
;;;2870;34,5
;;;2871;34,5
;;;2872;34,5
;;;2873;34,5
;;;2874;34,5
;;;2875;34,5
;;;2876;34,5
;;;2877;34,4
;;;2878;34,4
;;;2879;34,4
;;;2880;34,4
;;;2881;34,4
;;;2882;34,4
;;;2883;34,4
;;;2884;34,4
;;;2885;34,4
;;;2886;34,4
;;;2887;34,4
;;;2888;34,4
;;;2889;34,4
;;;2890;34,4
;;;2891;34,4
;;;2892;34,4
;;;2893;34,4
;;;2894;34,4
;;;2895;34,4
;;;2896;34,4
;;;2897;34,4
;;;2898;34,4
;;;2899;34,4
;;;2900;34,4
;;;2901;34,4
;;;2902;34,4
;;;2903;34,3
;;;2904;34,3
;;;2905;34,3
;;;2906;34,3
;;;2907;34,3
;;;2908;34,3
;;;2909;34,3
;;;2910;34,3
;;;2911;34,3
;;;2912;34,3
;;;2913;34,3
;;;2914;34,3
;;;2915;34,3
;;;2916;34,3
;;;2917;34,3
;;;2918;34,3
;;;2919;34,3
;;;2920;34,3
;;;2921;34,3
;;;2922;34,3
;;;2923;34,3
;;;2924;34,2
;;;2925;34,2
;;;2926;34,2
;;;2927;34,2
;;;2928;34,2
;;;2929;34,2
;;;2930;34,2
;;;2931;34,2
;;;2932;34,2
;;;2933;34,2
;;;2934;34,2
;;;2935;34,2
;;;2936;34,2
;;;2937;34,2
;;;2938;34,2
;;;2939;34,2
;;;2940;34,2
;;;2941;34,2
;;;2942;34,2
;;;2943;34,2
;;;2944;34,2
;;;2945;34,2
;;;2946;34,2
;;;2947;34,1
;;;2948;34,1
;;;2949;34,1
;;;2950;34,1
;;;2951;34,1
;;;2952;34,1
;;;2953;34,1
;;;2954;34,1
;;;2955;34,1
;;;2956;34,1
;;;2957;34,1
;;;2958;34,1
;;;2959;34,1
;;;2960;34,1
;;;2961;34,1
;;;2962;34,1
;;;2963;34,1
;;;2964;34,1
;;;2965;34,1
;;;2966;34,1
;;;2967;34,1
;;;2968;34,1
;;;2969;34,1
;;;2970;34,1
;;;2971;34,1
;;;2972;34,1
;;;2973;34,1
;;;2974;34,1
;;;2975;34,1
;;;2976;34
;;;2977;34
;;;2978;34
;;;2979;34
;;;2980;34
;;;2981;34
;;;2982;34
;;;2983;34
;;;2984;34
;;;2985;34
;;;2986;34
;;;2987;34
;;;2988;34
;;;2989;34
;;;2990;34
;;;2991;34
;;;2992;34
;;;2993;34
;;;2994;34
;;;2995;34
;;;2996;34
;;;2997;34
;;;2998;34
;;;2999;34
;;;3000;33,9
;;;3001;33,9
;;;3002;33,9
;;;3003;33,9
;;;3004;33,9
;;;3005;33,9
;;;3006;33,9
;;;3007;33,9
;;;3008;33,9
;;;3009;33,9
;;;3010;33,9
;;;3011;33,9
;;;3012;33,9
;;;3013;33,9
;;;3014;33,9
;;;3015;33,9
;;;3016;33,9
;;;3017;33,9
;;;3018;33,9
;;;3019;33,9
;;;3020;33,9
;;;3021;33,9
;;;3022;33,9
;;;3023;33,9
;;;3024;33,9
;;;3025;33,9
;;;3026;33,9
;;;3027;33,9
;;;3028;33,8
;;;3029;33,8
;;;3030;33,8
;;;3031;33,8
;;;3032;33,8
;;;3033;33,8
;;;3034;33,8
;;;3035;33,8
;;;3036;33,8
;;;3037;33,8
;;;3038;33,8
;;;3039;33,8
;;;3040;33,8
;;;3041;33,8
;;;3042;33,8
;;;3043;33,8
;;;3044;33,8
;;;3045;33,8
;;;3046;33,8
;;;3047;33,8
;;;3048;33,8
;;;3049;33,8
;;;3050;33,8
;;;3051;33,7
;;;3052;33,7
;;;3053;33,7
;;;3054;33,7
;;;3055;33,7
;;;3056;33,7
;;;3057;33,7
;;;3058;33,7
;;;3059;33,7
;;;3060;33,7
;;;3061;33,7
;;;3062;33,7
;;;3063;33,7
;;;3064;33,7
;;;3065;33,7
;;;3066;33,7
;;;3067;33,7
;;;3068;33,7
;;;3069;33,7
;;;3070;33,7
;;;3071;33,7
;;;3072;33,7
;;;3073;33,7
;;;3074;33,7
;;;3075;33,7
;;;3076;33,7
;;;3077;33,7
;;;3078;33,6
;;;3079;33,6
;;;3080;33,6
;;;3081;33,6
;;;3082;33,6
;;;3083;33,6
;;;3084;33,6
;;;3085;33,6
;;;3086;33,6
;;;3087;33,6
;;;3088;33,6
;;;3089;33,6
;;;3090;33,6
;;;3091;33,6
;;;3092;33,6
;;;3093;33,6
;;;3094;33,6
;;;3095;33,6
;;;3096;33,6
;;;3097;33,6
;;;3098;33,6
;;;3099;33,6
;;;3100;33,6
;;;3101;33,6
;;;3102;33,6
;;;3103;33,6
;;;3104;33,5
;;;3105;33,6
;;;3106;33,5
;;;3107;33,5
;;;3108;33,5
;;;3109;33,5
;;;3110;33,5
;;;3111;33,5
;;;3112;33,5
;;;3113;33,5
;;;3114;33,5
;;;3115;33,5
;;;3116;33,5
;;;3117;33,5
;;;3118;33,5
;;;3119;33,5
;;;3120;33,5
;;;3121;33,5
;;;3122;33,5
;;;3123;33,5
;;;3124;33,5
;;;3125;33,5
;;;3126;33,5
;;;3127;33,5
;;;3128;33,5
;;;3129;33,5
;;;3130;33,5
;;;3131;33,5
;;;3132;33,4
;;;3133;33,4
;;;3134;33,4
;;;3135;33,4
;;;3136;33,4
;;;3137;33,4
;;;3138;33,4
;;;3139;33,4
;;;3140;33,4
;;;3141;33,4
;;;3142;33,4
;;;3143;33,4
;;;3144;33,4
;;;3145;33,4
;;;3146;33,4
;;;3147;33,4
;;;3148;33,4
;;;3149;33,4
;;;3150;33,4
;;;3151;33,4
;;;3152;33,4
;;;3153;33,4
;;;3154;33,4
;;;3155;33,4
;;;3156;33,4
;;;3157;33,3
;;;3158;33,3
;;;3159;33,3
;;;3160;33,3
;;;3161;33,3
;;;3162;33,3
;;;3163;33,3
;;;3164;33,3
;;;3165;33,3
;;;3166;33,3
;;;3167;33,3
;;;3168;33,3
;;;3169;33,3
;;;3170;33,3
;;;3171;33,3
;;;3172;33,3
;;;3173;33,3
;;;3174;33,3
;;;3175;33,3
;;;3176;33,3
;;;3177;33,3
;;;3178;33,3
;;;3179;33,3
;;;3180;33,3
;;;3181;33,3
;;;3182;33,3
;;;3183;33,3
;;;3184;33,3
;;;3185;33,2
;;;3186;33,2
;;;3187;33,2
;;;3188;33,2
;;;3189;33,2
;;;3190;33,2
;;;3191;33,2
;;;3192;33,2
;;;3193;33,2
;;;3194;33,2
;;;3195;33,2
;;;3196;33,2
;;;3197;33,2
;;;3198;33,2
;;;3199;33,2
;;;3200;33,2
;;;3201;33,2
;;;3202;33,2
;;;3203;33,2
;;;3204;33,2
;;;3205;33,2
;;;3206;33,2
;;;3207;33,2
;;;3208;33,2
;;;3209;33,2
;;;3210;33,2
;;;3211;33,2
;;;3212;33,1
;;;3213;33,1
;;;3214;33,1
;;;3215;33,1
;;;3216;33,1
;;;3217;33,1
;;;3218;33,1
;;;3219;33,1
;;;3220;33,1
;;;3221;33,1
;;;3222;33,1
;;;3223;33,1
;;;3224;33,1
;;;3225;33,1
;;;3226;33,1
;;;3227;33,1
;;;3228;33,1
;;;3229;33,1
;;;3230;33,1
;;;3231;33,1
;;;3232;33,1
;;;3233;33,1
;;;3234;33,1
;;;3235;33,1
;;;3236;33,1
;;;3237;33,1
;;;3238;33,1
;;;3239;33,1
;;;3240;33,1
;;;3241;33
;;;3242;33
;;;3243;33
;;;3244;33
;;;3245;33
;;;3246;33
;;;3247;33
;;;3248;33
;;;3249;33
;;;3250;33
;;;3251;33
;;;3252;33
;;;3253;33
;;;3254;33
;;;3255;33
;;;3256;33
;;;3257;33
;;;3258;33
;;;3259;33
;;;3260;33
;;;3261;33
;;;3262;33
;;;3263;33
;;;3264;33
;;;3265;33
;;;3266;33
;;;3267;33
;;;3268;33
;;;3269;33
;;;3270;33
;;;3271;33
;;;3272;32,9
;;;3273;32,9
;;;3274;32,9
;;;3275;32,9
;;;3276;32,9
;;;3277;32,9
;;;3278;32,9
;;;3279;32,9
;;;3280;32,9
;;;3281;32,9
;;;3282;32,9
;;;3283;32,9
;;;3284;32,9
;;;3285;32,9
;;;3286;32,9
;;;3287;32,9
;;;3288;32,9
;;;3289;32,9
;;;3290;32,9
;;;3291;32,9
;;;3292;32,9
;;;3293;32,9
;;;3294;32,9
;;;3295;32,9
;;;3296;32,9
;;;3297;32,9
;;;3298;32,9
;;;3299;32,9
;;;3300;32,9
;;;3301;32,8
;;;3302;32,8
;;;3303;32,8
;;;3304;32,8
;;;3305;32,8
;;;3306;32,8
;;;3307;32,8
;;;3308;32,8
;;;3309;32,8
;;;3310;32,8
;;;3311;32,8
;;;3312;32,8
;;;3313;32,8
;;;3314;32,8
;;;3315;32,8
;;;3316;32,8
;;;3317;32,8
;;;3318;32,8
