FLIR: tiempo;FLIR: area;FLIR: rango 1;FLIR: rango 2;FLIR: rango 3;FLIR: rango 4;FLIR: rango 5;FLIR: rango 6;FLIR: rango 7;FLIR: rango 8;FLIR: rango 9
0;188;0,45212766;0,085106383;0,063829787;0,058510638;0,063829787;0,04787234;0,228723404;0;0
1;675;0,232592593;0,059259259;0,054814815;0,037037037;0,062222222;0,085925926;0,311111111;0,157037037;0
2;1295;0,152895753;0,038610039;0,038610039;0,038610039;0,039382239;0,063320463;0,308880309;0,31969112;0
3;1603;0,134123518;0,033063007;0,040548971;0,026824704;0,043668122;0,046163444;0,227074236;0,427947598;0,0205864
4;1893;0,127839408;0,031695721;0,034865293;0,033280507;0,041204437;0,043317485;0,185419968;0,439513999;0,06286318
5;2226;0,12982929;0,025606469;0,033692722;0,030548068;0,042228212;0,042677448;0,184636119;0,413297394;0,097484277
6;2576;0,123447205;0,025621118;0,029114907;0,031055901;0,035714286;0,038431677;0,188276398;0,393245342;0,135093168
7;2913;0,115345005;0,025403364;0,027463096;0,028492963;0,032955716;0,034672159;0,182629591;0,412289736;0,140748369
8;3267;0,105295378;0,024181206;0,02509948;0,025711662;0,033057851;0,036730946;0,182736455;0,449647995;0,117539027
9;3604;0,097946726;0,02108768;0,024139845;0,026082131;0,03190899;0,036903441;0,171476138;0,484739179;0,105715871
10;3924;0,089704383;0,02166157;0,023700306;0,024974516;0,031090724;0,03695209;0,161569827;0,5127421;0,097604485
11;4262;0,089160019;0,021116847;0,023228531;0,025340216;0,029328954;0,034256218;0,15556077;0,513374003;0,108634444
12;4609;0,092427859;0,019960946;0,022998481;0,024300282;0,028422651;0,03189412;0,141028423;0,505315687;0,133651551
13;4909;0,086983092;0,022407822;0,020370748;0,02424119;0,026481972;0,033408026;0,137706254;0,491342432;0,157058464
14;5276;0,088324488;0,019711903;0,021796816;0,021417741;0,026345716;0,03222138;0,133813495;0,48161486;0,174753601
15;5579;0,08334827;0,018282846;0,020075282;0,023122423;0,026707295;0,031188385;0,135328912;0,485391647;0,176554938
16;5915;0,085207101;0,016737109;0,022654269;0,020118343;0,025866441;0,031445478;0,131191885;0,493322063;0,173457312
17;6090;0,087520525;0,01592775;0,022003284;0,020853859;0,026436782;0,031198686;0,138916256;0,495238095;0,161904762
18;6251;0,078547432;0,016317389;0,02287634;0,019196928;0,027355623;0,032634778;0,146856503;0,502479603;0,153735402
19;6514;0,078139392;0,017654283;0,0198035;0,020724593;0,02732576;0,033773411;0,148449493;0,494319926;0,159809641
20;6798;0,078258311;0,017799353;0,018976169;0,02044719;0,026625478;0,031921153;0,152544866;0,488378935;0,165048544
21;7046;0,075361907;0,015753619;0,021004825;0,019869429;0,025404485;0,032926483;0,15782004;0,488787965;0,163071246
22;8108;0,078194376;0,016280217;0,017020227;0,020966946;0,024913666;0,029353725;0,16921559;0,50123335;0,142821904
23;8310;0,069314079;0,017569194;0,016967509;0,018772563;0,02599278;0,033694344;0,1755716;0,529602888;0,112515042
24;8598;0,073156548;0,012328448;0,021516632;0,01616655;0,025819958;0,032798325;0,177250523;0,548267039;0,092695976
25;8834;0,06927779;0,014715871;0,017432647;0,020602219;0,023092597;0,03180892;0,184401177;0,572334163;0,066334616
26;9088;0,06756162;0,015184859;0,016175176;0,020246479;0,023767606;0,03125;0,186179577;0,595620599;0,044014085
27;9336;0,06748072;0,013496144;0,018209083;0,01756641;0,023886033;0,030205656;0,189802913;0,622536418;0,016816624
28;9612;0,067207657;0,012900541;0,019558885;0,016541823;0,02340824;0,030586767;0,187057844;0,640449438;0,002288806
29;9889;0,067044191;0,015471736;0,016381838;0,017190818;0,022752553;0,03124684;0,194357367;0,635554657;0
30;10134;0,064337873;0,015492402;0,015295046;0,018452733;0,022597198;0,029011249;0,206927176;0,627886323;0
31;10388;0,064690027;0,013958414;0,015883712;0,018097805;0,022718521;0,029264536;0,209376203;0,626010782;0
32;10633;0,063951848;0,012602276;0,017398665;0,015799868;0,023887896;0,029812847;0,212639895;0,623906706;0
33;10899;0,062941554;0,014221488;0,016515277;0,017983301;0,021286357;0,03046151;0,222864483;0,61372603;0
34;11152;0,06402439;0,012105452;0,017395983;0,015961263;0,023583214;0,029322095;0,230003587;0,607604017;0
35;11373;0,061197573;0,012046074;0,017233799;0,015475248;0,023124945;0,030774642;0,246812626;0,593335092;0
36;11620;0,058605852;0,014802065;0,014199656;0,017986231;0,021858864;0,030895009;0,242857143;0,598795181;0
37;11846;0,056728009;0,011987169;0,016123586;0,016883336;0,02287692;0,030136755;0,251477292;0,593786932;0
38;12147;0,05935622;0,012431053;0,015477073;0,01679427;0,021733761;0,03087182;0,255865646;0,587470157;0
39;12400;0,058145161;0,013145161;0,01483871;0,017741935;0,020403226;0,031935484;0,267580645;0,576209677;0
40;12645;0,057888493;0,011941479;0,01557928;0,016923685;0,021826809;0,029735073;0,280189798;0,565915382;0
41;12907;0,057953049;0,01193151;0,016735105;0,014720694;0,022468428;0,031765709;0,297203068;0,547222437;0
42;13129;0,056363775;0,012719933;0,015081118;0,015538122;0,022240841;0,032218752;0,313428289;0,532409171;0
43;13380;0,057025411;0,01083707;0,016218236;0,01554559;0,022795217;0,030717489;0,3245142;0,522346786;0
44;13638;0,056386567;0,013051767;0,014518258;0,015838099;0,022290658;0,031309576;0,328053967;0,518551107;0
45;13843;0,054179007;0,011558188;0,015748031;0,015892509;0,02239399;0,032579643;0,346384454;0,501264177;0
46;14099;0,053975459;0,012908717;0,014681892;0,015816725;0,021845521;0,033690333;0,361089439;0,485991914;0
47;14328;0,05339196;0,013051368;0,014307649;0,015354551;0,022822446;0,033012284;0,38686488;0,461194863;0
48;14567;0,053202444;0,011601565;0,015239926;0,014828036;0,023065834;0,033088488;0,449371868;0,39960184;0
49;14846;0,054156002;0,011316179;0,014616732;0,016098612;0,021756702;0,033948538;0,474808029;0,373299205;0
50;15067;0,051901507;0,011282936;0,014800558;0,016127962;0,022300392;0,034645251;0,532488219;0,316453176;0
51;15336;0,053077726;0,012584768;0,013693271;0,015453834;0,021191967;0,034820031;0,567683881;0,281494523;0
52;15572;0,0525944;0,011559209;0,015412278;0,013806833;0,022347804;0,035127151;0,582776779;0,266375546;0
53;15834;0,053050398;0,01218896;0,013641531;0,015157257;0,021030693;0,035872174;0,596185424;0,252873563;0
54;16029;0,050159087;0,010980099;0,014411379;0,01540957;0,021648263;0,037182607;0,642335766;0,20787323;0
55;16333;0,053205167;0,01120431;0,014388049;0,01493908;0,021306557;0,03606196;0,647400967;0,201493908;0
56;16485;0,048346982;0,010737034;0,014012739;0,014740673;0,022687291;0,038398544;0,678252957;0,172823779;0
57;16757;0,049352509;0,010920809;0,014083667;0,015456227;0,021543236;0,037715582;0,676433729;0,174494241;0
58;17008;0,049800094;0,011230009;0,013229069;0,015228128;0,021754468;0,038393697;0,678915804;0,17144873;0
59;17254;0,04995943;0,0114756;0,013677988;0,014779182;0,021734091;0,038773618;0,682334531;0,167265562;0
60;17495;0,050985996;0,00983138;0,014232638;0,014632752;0,021549014;0,038639611;0,680823092;0,169305516;0
61;17690;0,047710571;0,010966648;0,013058225;0,015206331;0,022385529;0,039739966;0,687563595;0,163369135;0
62;17943;0,048486875;0,010031767;0,013765814;0,014880455;0,022014156;0,039681213;0,688179234;0,162960486;0
63;18235;0,049849191;0,011955032;0,012009871;0,015519605;0,021222923;0,039319989;0,686701398;0,163421991;0
64;18444;0,049013229;0,010735198;0,013391889;0,013446107;0,022337888;0,04066363;0,690685318;0,15972674;0
65;18673;0,048197933;0,011085525;0,012263696;0,014780699;0,021581963;0,042146415;0,694210893;0,155732876;0
66;18946;0,048981315;0,010345192;0,013670432;0,013406524;0,022115486;0,041539111;0,691597171;0,158344769;0
67;19146;0,04758174;0,010132665;0,012483025;0,014258853;0,022093388;0,044239006;0,696646819;0,152564504;0
68;19416;0,047847136;0,010146271;0,013133498;0,014421096;0,021683148;0,043984343;0,693860733;0,154923774;0
69;19646;0,046981574;0,010180189;0,012572534;0,014354067;0,0215311;0,044945536;0,694288914;0,155146086;0
70;19859;0,045319502;0,010977391;0,012890881;0,013646206;0,022407976;0,045823053;0,699430988;0,149504003;0
71;20078;0,045074211;0,010010957;0,012849885;0,013895806;0,022910648;0,046667995;0,701613707;0,146976791;0
72;20342;0,045914856;0,010470947;0,012388162;0,014452856;0,02197424;0,047684593;0,701307639;0,145806705;0
73;20577;0,046022258;0,010011178;0,01351023;0,01326724;0,022792438;0,046799825;0,700296447;0,147300384;0
74;20801;0,045430508;0,01052834;0,011537907;0,014470458;0,022835441;0,048939955;0,70520648;0,141050911;0
75;21057;0,046160422;0,009450539;0,01286983;0,014009593;0,02274778;0,048629909;0,703281569;0,142850359;0
76;21299;0,0460585;0,009906568;0,01258275;0,013803465;0,022724072;0,049532842;0,702474295;0,142917508;0
77;21511;0,044721305;0,01013435;0,012551718;0,013620938;0,022686068;0,051601506;0,705360048;0,139324067;0
78;21781;0,045865663;0,009365961;0,012901152;0,013865295;0,02217529;0,051788256;0,701804325;0,142234057;0
79;22439;0,046793529;0,00922501;0,013102188;0,012701101;0,023263069;0,053879406;0,702170328;0,138865368;0
80;22720;0,04806338;0,009507042;0,012103873;0,014128521;0,022403169;0,052596831;0,69903169;0,142165493;0
81;22873;0,043938268;0,009487168;0,012678704;0,013990294;0,022734228;0,058409478;0,702575089;0,13618677;0
82;23112;0,043656975;0,010340948;0,011465905;0,014018692;0,023061613;0,060401523;0,700112496;0,136941848;0
83;23338;0,042891422;0,00989802;0,011740509;0,014097181;0,022795441;0,0630731;0,698174651;0,137329677;0
84;23593;0,043657017;0,009451956;0,012376552;0,013351418;0,023481541;0,06590938;0,696477769;0,135294367;0
85;23865;0,044584119;0,009637545;0,012486906;0,013115441;0,023046302;0,066959983;0,694112717;0,136056987;0
86;24061;0,042558497;0,009309671;0,012052699;0,013922946;0,023523544;0,072524001;0,69244836;0,13366028;0
87;24281;0,041719863;0,009142951;0,012314155;0,013384951;0,024010543;0,077921008;0,689427948;0,13207858;0
88;24536;0,041693838;0,009944571;0,011697098;0,014060972;0,023638735;0,080249429;0,690658624;0,128056733;0
89;24778;0,042578093;0,009201711;0,012107515;0,013277908;0,023851804;0,084187586;0,689926548;0,124868835;0
90;25003;0,042034956;0,009718834;0,011558613;0,013118426;0,02491701;0,089309283;0,685357757;0,123985122;0
91;25252;0,042491684;0,009306194;0,011959449;0,013701885;0,023918898;0,091042294;0,683866624;0,123712973;0
92;25469;0,041148062;0,00942322;0,011739762;0,013742196;0,024421846;0,099100868;0,680435039;0,119989006;0
93;25693;0,041061768;0,008912933;0,012415833;0,013544545;0,024442455;0,104697778;0,675787179;0,119137508;0
94;25932;0,04106895;0,009409224;0,011684405;0,013458275;0,025181243;0,109517199;0,670869968;0,118810736;0
95;26188;0,04185123;0,009240874;0,011799297;0,013708569;0,024362303;0,111768749;0,667023064;0,120245914;0
96;26385;0,041235551;0,008451772;0,012431306;0,013227212;0,025090013;0,118893311;0,660905818;0,119765018;0
97;26597;0,04004211;0,009587547;0,011279468;0,013948942;0,025679588;0,128134752;0,652592398;0,118735196;0
98;26842;0,040384472;0,010058863;0,011064749;0,013821623;0,025594218;0,133820133;0,646039788;0,119216154;0
99;27069;0,040415235;0,008866231;0,011784698;0,013410174;0,026450922;0,143189627;0,637075622;0,118807492;0
100;27253;0,039041573;0,009136609;0,011007962;0,013759953;0,02733644;0,160606172;0,623747844;0,115363446;0
101;27528;0,040613194;0,008827376;0,011624528;0,01344086;0,026627434;0,159546643;0,620749782;0,118570183;0
102;27807;0,041931888;0,008451109;0,012047326;0,012550797;0,026791815;0,162980544;0,61678714;0,118459381;0
103;27980;0,040207291;0,008255897;0,012008578;0,013330951;0,02691208;0,184060043;0,602180129;0,113045032;0
104;28267;0,041709414;0,008879612;0,011674391;0,013372484;0,027204868;0,180104008;0,600700463;0,11635476;0
105;28443;0,039447316;0,009035615;0,011180255;0,01395774;0,027528742;0,195900573;0,592272264;0,110677495;0
106;28739;0,041963882;0,00869898;0,011482654;0,013709593;0,027280003;0,192873795;0,590382407;0,113608685;0
107;28835;0,037419802;0,008808739;0,010993584;0,013906711;0,029582105;0,207317496;0,583700364;0,108271198;0
108;29064;0,037434627;0,009152216;0,010872557;0,014106799;0,029624277;0,213735205;0,576142307;0,108932012;0
109;29362;0,039643076;0,008616579;0,011715823;0,013384647;0,028983039;0,209999319;0,575063007;0,11259451;0
110;29555;0,038402977;0,009237016;0,010894942;0,013838606;0,030282524;0,225647099;0,562645914;0,109050922;0
111;29740;0,036718225;0,009414929;0,010961668;0,013718897;0,031271015;0,239105582;0,552387357;0,106422327;0
112;29947;0,036664774;0,008214512;0,012254984;0,012755869;0,031923064;0,250075133;0,542424951;0,105686713;0
113;30230;0,037975521;0,008733047;0,011313265;0,013562686;0,031392656;0,251538207;0,537810122;0,107674496;0
114;30451;0,037699911;0,008636826;0,011428196;0,013891169;0,031526058;0,257692687;0,530294572;0,10883058;0
115;30690;0,038286087;0,008113392;0,012121212;0,013229065;0,032127729;0,261290323;0,525480613;0,10935158;0
116;30892;0,037517804;0,008448789;0,01116794;0,013919461;0,032856403;0,270652596;0,519357763;0,106079244;0
117;31173;0,038976037;0,008597183;0,010778558;0,01440349;0,032463991;0,268148718;0,519295544;0,107336477;0
118;31346;0,037229631;0,008485931;0,011197601;0,013877369;0,034007529;0,2779621;0,512601289;0,10463855;0
119;31546;0,036961897;0,007988334;0,011221708;0,014138084;0,03414062;0,284061371;0,506276549;0,105211437;0
120;31830;0,037888784;0,009048068;0,010587496;0,014043355;0,034558593;0,280207352;0,506848885;0,106817468;0
121;32037;0,037175766;0,009114461;0,010987296;0,014171115;0,035240503;0,288853513;0,50235665;0,102100696;0
122;32264;0,037751054;0,008647409;0,011281924;0,013234565;0,03613935;0,290540541;0,501549715;0,100855443;0
123;32471;0,037048443;0,008253519;0,011548767;0,01376613;0,036032152;0,296295156;0,49672015;0,100335684;0
124;32685;0,036867064;0,008352455;0,011350773;0,013767783;0,037662536;0,30117791;0,491907603;0,098913875;0
125;32917;0,036971778;0,008172069;0,011665705;0,013397333;0,038095817;0,303004527;0,489382386;0,099310387;0
126;33219;0,038742888;0,008127879;0,011348927;0,013757187;0,037809687;0,296938499;0,49185707;0,101417863;0
127;33404;0,03774997;0,008591785;0,011106454;0,013950425;0,03930667;0,307208718;0,483445096;0,098640881;0
128;33629;0,03779476;0,008564037;0,011061881;0,014511285;0,038954474;0,307264563;0,483243629;0,09860537;0
129;33834;0,037004197;0,008305255;0,01120175;0,01383224;0,040787374;0,308506236;0,48601998;0,094342969;0
130;34014;0,035397189;0,008849297;0,010848474;0,014082437;0,0430999;0,315811137;0,479684836;0,09222673;0
131;34268;0,035689273;0,009017159;0,011118244;0,014444963;0,043013891;0,319131551;0,475166336;0,092418583;0
132;34506;0,036370486;0,008607199;0,010838695;0,013997566;0,044369095;0,316959369;0,475598447;0,093259143;0
133;34731;0,03682589;0,00783162;0,011488296;0,014079641;0,045060609;0,317727678;0,475195071;0,091791195;0
134;34968;0,036833677;0,008178906;0,011238847;0,014184397;0,045813315;0,31980668;0,47346145;0,090482727;0
135;35150;0,035561878;0,008421053;0,011351351;0,013854908;0,048961593;0,32802276;0,468307255;0,085519203;0
136;35372;0,035338686;0,008255117;0,011845528;0,013626597;0,050520185;0,328762863;0,466187945;0,085463078;0
137;35636;0,036367718;0,0078011;0,011280727;0,014199124;0,049809182;0,32540128;0,46730834;0,087832529;0
138;35798;0,034582938;0,008184815;0,011173809;0,014498017;0,052768311;0,331526901;0,463349908;0,083915303;0
139;35977;0,033465825;0,007810546;0,01164633;0,015120772;0,055174139;0,336159213;0,459543597;0,081079579;0
140;36191;0,033654776;0,007515681;0,011439308;0,014920837;0,056643917;0,338426681;0,456798652;0,080600149;0
141;36430;0,033653582;0,008866319;0,010513313;0,014713149;0,057287949;0,338841614;0,454625309;0,081498765;0
142;36643;0,032994023;0,008569167;0,010943427;0,015036978;0,059192752;0,342985018;0,45089103;0,079387605;0
143;36864;0,032986111;0,00797526;0,011366102;0,014756944;0,060655382;0,344536675;0,448567708;0,079155816;0
144;37103;0,03358219;0,00795084;0,010996415;0,015578255;0,060911517;0,343745789;0,448292591;0,078942404;0
145;37707;0,033680749;0,007903042;0,01153632;0,014798313;0,062455247;0,344100565;0,44689315;0,078632615;0
146;37937;0,033766508;0,008092364;0,010912829;0,015130348;0,062788307;0,344386746;0,445528112;0,079394786;0
147;38070;0,031337011;0,008563173;0,010874704;0,014946152;0,067428421;0,348857368;0,440294195;0,077698976;0
148;38261;0,03107603;0,007448838;0,011552233;0,015263584;0,069966807;0,351559029;0,435639424;0,077494054;0
149;38525;0,03174562;0,007631408;0,01183647;0,014925373;0,068293316;0,348241402;0,438157041;0,079169371;0
150;38709;0,031000543;0,007620967;0,011315198;0,015267767;0,071559586;0,350796972;0,433852592;0,078586375;0
151;38935;0,030846282;0,007653782;0,011172467;0,015564402;0,072479774;0,349839476;0,434827276;0,07761654;0
152;39135;0,030560879;0,007691325;0,011345343;0,015331545;0,074664622;0,35206337;0,432860611;0,075482305;0
153;39393;0,031553829;0,007615566;0,01147412;0,01492651;0,073515599;0,350544513;0,435305765;0,075064098;0
154;39685;0,032304397;0,007761119;0,011011717;0,015875016;0,071034396;0,348620386;0,436588132;0,076804838;0
155;39872;0,031651284;0,008251404;0,011185795;0,015424358;0,072557183;0,34961878;0,433537319;0,077773876;0
156;40023;0,030257602;0,007820503;0,010993679;0,015641006;0,075731454;0,35429628;0,429003323;0,076256153;0
157;40250;0,030236025;0,007850932;0,011229814;0,015602484;0,076447205;0,355378882;0,425888199;0,07736646;0
158;40532;0,031703346;0,007697622;0,011546432;0,015197868;0,072856015;0,353449127;0,426773907;0,080775683;0
159;40726;0,031036684;0,008201149;0,010632029;0,01578844;0,074718853;0,354466434;0,425060158;0,080096253;0
160;40949;0,030843244;0,008132067;0,010940438;0,015824562;0,075630663;0,356516643;0,422745366;0,079367018;0
161;41179;0,031496637;0,007503825;0,011195027;0,01576046;0,075062532;0,355059618;0,425653853;0,078268049;0
162;41400;0,031231884;0,008164251;0,010821256;0,015748792;0,075942029;0,357584541;0,427439614;0,073067633;0
163;41607;0,031004398;0,00805153;0,010791453;0,01567044;0,075612277;0,359554883;0,429134521;0,070180498;0
164;41810;0,030590768;0,007797178;0,01124133;0,01585745;0,077158575;0,361085865;0,431021287;0,065247548;0
165;42063;0,031310178;0,007774053;0,011363907;0,015476785;0,076837125;0,361481587;0,433635261;0,062121104;0
166;42219;0,030081243;0,007295294;0,011298231;0,015490656;0,080461404;0,36594898;0,429782799;0,059641394;0
167;42399;0,029033704;0,007877544;0,010754971;0,015825845;0,083303852;0,367956791;0,427958207;0,057289087;0
168;42617;0,02904944;0,00764953;0,011216181;0,015697961;0,085458854;0,369758547;0,424666213;0,056503273;0
169;42887;0,029985777;0,007461469;0,011122251;0,015785669;0,08298552;0,365728542;0,427705365;0,059225406;0
170;43118;0,030126629;0,007676608;0,011062665;0,015701099;0,084651422;0,367990167;0,42369776;0,05909365;0
171;43297;0,029632538;0,007483197;0,010993833;0,015797861;0,08811234;0,369794674;0,420675797;0,057509758;0
172;43532;0,0294496;0,007971148;0,010543968;0,016126068;0,088831205;0,369107783;0,419208858;0,058761371;0
173;43794;0,030300954;0,007695118;0,011006074;0,015367402;0,089578481;0,367995616;0,419463853;0,058592501;0
174;43992;0,030096381;0,007342244;0,011047463;0,015889253;0,089220767;0,368839789;0,418303328;0,059260775;0
175;44218;0,030010403;0,007779637;0,010832693;0,015468814;0,090573974;0,369170926;0,415871365;0,060292189;0
176;44337;0,028193157;0,007736202;0,010826172;0,01544985;0,095676297;0,377517649;0,406184451;0,058416221;0
177;44591;0,028638066;0,007736987;0,010809356;0,01623646;0,092978404;0,375098114;0,408916598;0,059586015;0
178;44792;0,028755135;0,007032506;0,011452938;0,015516164;0,095195571;0,381786926;0,403866762;0,056393999;0
179;45048;0,029213284;0,007880483;0,01052211;0,015494584;0,093522465;0,379217723;0,409274552;0,0548748;0
180;45245;0,028445132;0,007868273;0,010741518;0,015913361;0,094772903;0,380506133;0,409039673;0,052713007;0
181;45461;0,029145861;0,007258969;0,010932448;0,015903742;0,095114494;0,381425838;0,409031917;0,051186731;0
182;45680;0,029049912;0,007859019;0,010507881;0,01604641;0,094877408;0,38132662;0,411230298;0,049102452;0
183;45884;0,029182286;0,007061285;0,010809868;0,015866097;0,097375992;0,382508064;0,411603173;0,045593235;0
184;46104;0,029043033;0,007352941;0,010779976;0,015963908;0,097496963;0,38196252;0,412176818;0,045223842;0
185;46320;0,029058722;0,007491364;0,010794473;0,016083765;0,098251295;0,382253886;0,409866149;0,046200345;0
186;46464;0,028000172;0,006607266;0,011320592;0,016206095;0,105608643;0,389850207;0,396478994;0,04592803;0
187;46730;0,02865397;0,007340039;0,011149155;0,015407661;0,100877381;0,386047507;0,400984378;0,04953991;0
188;46890;0,027937727;0,007123054;0,01074856;0,016037535;0,106760503;0,390083173;0,395286842;0,046022606;0
189;47159;0,028584151;0,00750652;0,010729659;0,016115694;0,104327912;0,387540024;0,397230645;0,047965394;0
190;47365;0,028502058;0,007473873;0,010830782;0,016151166;0,107421092;0,387670221;0,392082762;0,049868046;0
191;47568;0,028296334;0,00704255;0,010952741;0,015872015;0,110031954;0,387634544;0,388328288;0,051841574;0
192;47759;0,027471262;0,007789108;0,010448292;0,016122616;0,11625034;0,388701606;0,380996252;0,052220524;0
193;48007;0,028100069;0,007478076;0,010415148;0,016435103;0,115191535;0,388172558;0,380881955;0,053325557;0
194;48264;0,028820653;0,007065307;0,010774076;0,016451185;0,114826786;0,387659539;0,37999337;0,054409083;0
195;48468;0,028637452;0,007303788;0,010769993;0,016113725;0,11886193;0,386131056;0,376991004;0,055191054;0
196;48587;0,027167761;0,00679194;0,010949431;0,016259493;0,127009282;0,387902114;0,370181324;0,053738654;0
197;48804;0,026678141;0,007581346;0,010613884;0,016330629;0,128124744;0,388021474;0,367223998;0,055425785;0
198;49055;0,026990113;0,007644481;0,01045765;0,01624707;0,125532565;0,387524208;0,368871675;0,056732239;0
199;49309;0,027682573;0,007199497;0,010809386;0,016244499;0,123425744;0,386258087;0,369100975;0,059279239;0
200;49508;0,027551103;0,007271552;0,010705341;0,015997415;0,129292236;0,385776036;0,363496809;0,05990951;0
201;49685;0,02690953;0,00704438;0,010486062;0,016483848;0,133299789;0,387098722;0,357975244;0,060702425;0
202;49901;0,026512495;0,00749484;0,010260315;0,016652973;0,136249775;0,387387026;0,354341596;0,060660107;0,000440873
203;50111;0,026600946;0,006944583;0,010616432;0,016623097;0,136756401;0,388278023;0,3524775;0,06114426;0,00055876
204;50383;0,027390191;0,006907092;0,010896533;0,016334875;0,134231785;0,387015462;0,354047992;0,062481393;0,000694679
205;50592;0,027099146;0,007056452;0,010772454;0,016227862;0,136938646;0,386997944;0,350608792;0,063547596;0,000751107
206;50775;0,026587888;0,007090103;0,010595766;0,016366322;0,138513048;0,387296898;0,348005908;0,065209257;0,00033481
207;50957;0,025786447;0,007398395;0,010636419;0,016327492;0,141040485;0,389622623;0,344427655;0,064760484;0
208;51191;0,026371823;0,006817605;0,010763611;0,016448204;0,141645992;0,388212772;0,344767635;0,064972358;0
209;51441;0,026885169;0,007076068;0,010536343;0,016582104;0,139752338;0,387511907;0,34583309;0,065822982;0
210;51656;0,026889422;0,00698854;0,010550565;0,016513087;0,141706675;0,385666718;0,344761499;0,066923494;0
211;51845;0,026482785;0,00700164;0,010396374;0,016896518;0,144025461;0,386594657;0,340727168;0,067875398;0
212;52097;0,026680999;0,007140526;0,01044206;0,016718813;0,142983281;0,387987792;0,338714321;0,069332207;0
213;52304;0,02686219;0,006615173;0,010687519;0,016939431;0,143182166;0,386911135;0,339285714;0,069344601;0,000172071
214;52531;0,027050694;0,007062496;0,010622299;0,016485504;0,145247568;0,387732958;0,336144372;0,069444709;0,0002094
215;52746;0,026750844;0,007033709;0,010522125;0,016664771;0,147177037;0,386417927;0,335020665;0,070128541;0,000284382
216;52914;0,025909967;0,007446045;0,010602109;0,016422875;0,152247042;0,385833617;0,33136788;0,069187739;0,000982727
217;53111;0,025719719;0,007079513;0,010374499;0,016983299;0,152567265;0,385814615;0,330628307;0,070738642;9,41E-05
218;53321;0,025543407;0,007032876;0,010427411;0,016935166;0,156561205;0,385045292;0,327300688;0,070947657;0,000206298
219;53569;0,026115851;0,00690698;0,01058448;0,016912767;0,155015027;0,383972073;0,328212212;0,07228061;0
220;53745;0,025323286;0,006809936;0,010531212;0,017396967;0,158582194;0,384221788;0,325016281;0,071857847;0,000260489
221;54007;0,025941082;0,007184254;0,010461607;0,01697928;0,153109782;0,38470939;0,327642713;0,073657119;0,000314774
222;54596;0,026613671;0,006538941;0,010916551;0,016741153;0,153546047;0,384478716;0,32049967;0,08066525;0
223;54878;0,027788914;0,006815117;0,010532454;0,016655126;0,148256132;0,384799009;0,321986953;0,083166296;0
224;55012;0,026285174;0,007071184;0,010543154;0,016869047;0,158310914;0,387370028;0,31338617;0,080164328;0
225;55183;0,025478861;0,006795571;0,010673577;0,017179204;0,15754852;0,387619376;0,312215719;0,082489172;0
226;55380;0,025352113;0,006626941;0,010762008;0,017280607;0,161719032;0,388461538;0,30687974;0,082918021;0
227;55648;0,026218373;0,006415325;0,010800029;0,017143473;0,159574468;0,387309517;0,308312967;0,084225848;0
228;55811;0,025335507;0,006898282;0,010643063;0,016770887;0,165361667;0,389869381;0,300693412;0,084427801;0
229;56060;0,02563325;0,006760614;0,010381734;0,01739208;0,164163396;0,389618266;0,301034606;0,085016054;0
230;56265;0,025308807;0,006789301;0,010361681;0,017399804;0,166977695;0,389816049;0,298675909;0,084670754;0
231;56459;0,024991587;0,006588852;0,010698029;0,017357729;0,170017181;0,389840415;0,296179529;0,08432668;0
232;56709;0,025428063;0,006630341;0,010597965;0,017298841;0,167327937;0,390202613;0,298136098;0,084378141;0
233;56932;0,025468981;0,006780018;0,010521324;0,017178388;0,16776154;0,389868615;0,297951943;0,084469191;0
234;57139;0,025289207;0,006877964;0,010535711;0,016923642;0,168518875;0,390258842;0,298500149;0,083095609;0
235;57394;0,025246541;0,007457225;0,010210126;0,017162073;0,167996655;0,390668014;0,298916263;0,082343102;0
236;57573;0,025029093;0,006930332;0,010352075;0,017595053;0,169107047;0,390460806;0,299411182;0,081114411;0
237;57750;0,024398268;0,006701299;0,010493506;0,017731602;0,172329004;0,390666667;0,297627706;0,080051948;0
238;57952;0,02405439;0,006764219;0,010422419;0,017721563;0,172884456;0,390530094;0,298177802;0,079445058;0
239;58167;0,024360892;0,006636065;0,010452662;0,017552908;0,173586398;0,390891743;0,296869359;0,079649973;0
240;58398;0,02417891;0,007466009;0,009931847;0,017843077;0,17277989;0,391006541;0,297407445;0,07938628;0
241;58659;0,025060093;0,006409929;0,010501372;0,018002353;0,167902624;0,390579451;0,302340647;0,079203532;0
242;58819;0,02415886;0,006698516;0,010710825;0,01766436;0,174722454;0,390112039;0,300243119;0,075689828;0
243;59054;0,024824737;0,006367054;0,010515799;0,017966607;0,172249128;0,390083652;0,302943069;0,075049954;0
244;59242;0,02423956;0,006971405;0,010313629;0,017723912;0,174724013;0,390888221;0,303906013;0,071233247;0
245;59438;0,023873616;0,006847471;0,010262795;0,018187018;0,1741815;0,390541404;0,306403311;0,069702884;0
246;59707;0,024553235;0,00693386;0,010283551;0,017853853;0,170013566;0,391495135;0,309678932;0,069187867;0
247;59841;0,023579151;0,006617536;0,010427633;0,01844889;0,176233686;0,392289567;0,307631891;0,064771645;0
248;60096;0,024194622;0,006240016;0,010799388;0,018037806;0,173622204;0,392555245;0,309088791;0,065461928;0
249;60305;0,023911782;0,006599784;0,010562972;0,01824061;0,176668601;0,394610729;0,305812122;0,0635934;0
250;60573;0,024697472;0,006686147;0,010169547;0,018209433;0,17134697;0,393888366;0,310006108;0,064995955;0
251;60789;0,024691967;0,006645939;0,010413068;0,018259883;0,173945944;0,395466285;0,307308888;0,063268025;0
252;60957;0,024164575;0,006414358;0,010564824;0,018472038;0,179159079;0,396410585;0,303804321;0,06101022;0
253;61225;0,025071458;0,006369947;0,010534912;0,018113516;0,173981217;0,397746019;0,307701102;0,060481829;0
254;61374;0,02390263;0,006533711;0,010362694;0,018542054;0,184035585;0,39583537;0,304607814;0,056180141;0
255;61630;0,024468603;0,006895992;0,010287198;0,018221645;0,180415382;0,395051111;0,307058251;0,057601817;0
256;61812;0,02378179;0,006746263;0,010143661;0,018572445;0,180353329;0,394082055;0,309066201;0,057254255;0
257;61998;0,023613665;0,006355044;0,010629375;0,018629633;0,184409174;0,39294816;0,308171231;0,055243718;0
258;62222;0,023801871;0,00605895;0,010687538;0,018723281;0,182813153;0,391421041;0,315354698;0,051139468;0
259;62401;0,023445137;0,006281951;0,01065688;0,018509319;0,185557924;0,396532107;0,308312367;0,050704316;0
260;62738;0,02492907;0,00663075;0,010376486;0,01829832;0,173100832;0,398482578;0,312298766;0,055883197;0
261;62912;0,02436737;0,006787258;0,010013988;0,018804044;0,182906282;0,396188327;0,31210262;0,048830112;0
262;63109;0,024117004;0,00659177;0,010473942;0,018967184;0,196691439;0,400798618;0,296011662;0,046348381;0
263;63291;0,024253053;0,006225214;0,010554423;0,019118042;0,207675657;0,394037067;0,292790444;0,0453461;0
264;63565;0,025123889;0,006229843;0,010619051;0,018799654;0,204420672;0,395201762;0,307213089;0,03239204;0
265;63730;0,024352738;0,006276479;0,010622941;0,018986349;0,211956692;0,391511062;0,309634395;0,026659344;0
266;63921;0,024045306;0,006805275;0,010215735;0,019007838;0,212089923;0,392609628;0,308083415;0,027142879;0
267;64177;0,024245446;0,006388582;0,010486623;0,019134581;0,20811194;0,404833507;0,298066285;0,028733035;0
268;64406;0,024888985;0,006272708;0,010713288;0,019175232;0,210725709;0,416032668;0,283001584;0,029189827;0
269;64607;0,025043726;0,006036498;0,010432306;0,019548965;0,215270791;0,414026344;0,281749656;0,027891715;0
270;64805;0,024967209;0,006588998;0,010400432;0,019226912;0,216109868;0,422374817;0,272370959;0,027960805;0
271;76558;0,030695682;0,037840591;0,119869903;0,015935631;0,18463126;0,358342694;0,230518039;0,022166201;0
272;70776;0,101475076;0,006414604;0,009480615;0,017788516;0,198471233;0,392760258;0,255044083;0,018565615;0
273;69323;0,080435065;0,00607302;0,010025533;0,018305613;0,213075026;0,399751886;0,256682486;0,015651371;0
274;67692;0,055885481;0,006219346;0,010473911;0,018702358;0,230322638;0,395704071;0,2719376;0,010754594;0
275;65974;0,028677964;0,006563192;0,010625398;0,019765362;0,238897141;0,410828508;0,282171765;0,00247067;0
276;65921;0,025530559;0,006720165;0,010633941;0,019811593;0,241592209;0,410521685;0,281715993;0,003473855;0
277;66099;0,025703868;0,006717197;0,010348114;0,020151591;0,232363576;0,411488827;0,290110289;0,003116537;0
278;66204;0,024892756;0,006661229;0,010452541;0,020270679;0,241314724;0,409129358;0,28720319;7,55E-05;0
279;66378;0,025098677;0,006447919;0,010666185;0,020322999;0,245713941;0,40343186;0,288318419;0;0
280;66550;0,025514651;0,006326071;0,010788881;0,020180316;0,249691961;0,405499624;0,281998497;0;0
281;66713;0,025452311;0,006535458;0,010612624;0,020116019;0,249756419;0,404568825;0,282958344;0;0
282;66894;0,02587676;0,006652316;0,010673603;0,019986845;0,256704637;0,398735313;0,281370527;0;0
283;67025;0,025706826;0,006579634;0,010712421;0,020350615;0,255949273;0,40073107;0,27997016;0;0
284;67112;0,025077482;0,006660508;0,010713434;0,021173561;0,268118965;0,395756348;0,272499702;0;0
285;67267;0,02524269;0,00664516;0,010852275;0,021407228;0,263189974;0,408432069;0,264230603;0;0
286;67433;0,025714413;0,0063767;0,011003515;0,021502825;0,259294411;0,410614981;0,265493156;0;0
287;67538;0,025304273;0,006485238;0,010927182;0,021602653;0,262992686;0,402129172;0,270558797;0;0
288;67644;0,025087221;0,006297676;0,011146591;0,021642718;0,27029744;0,393176039;0,272352315;0;0
289;67780;0,025213927;0,006417822;0,011006197;0,021982886;0,271850103;0,397108292;0,266420773;0;0
290;67956;0,025722526;0,006739655;0,010962976;0,021543352;0,262772971;0,397154041;0,275104479;0;0
291;68086;0,025805599;0,006623976;0,01107423;0,021942837;0,256484446;0,402505655;0,275563258;0;0
292;68175;0,025419875;0,006674001;0,01116245;0,022134213;0,259713971;0,416824349;0,25807114;0;0
293;68333;0,026005005;0,006512227;0,011282982;0,022214743;0,260152489;0,417353255;0,2564793;0;0
294;68529;0,026864539;0,006479009;0,011265304;0,02229713;0,251105371;0,42009952;0,261889127;0;0
295;68587;0,0262732;0,00648811;0,011241197;0,023007275;0,261230262;0,413926837;0,257833117;0;0
296;68746;0,026852471;0,00648765;0,011564309;0,022590405;0,262298897;0,411587583;0,258618683;0;0
297;68703;0,02496252;0,006317046;0,011484215;0,023914531;0,273903614;0,409996652;0,249421423;0;0
298;68945;0,026731453;0,006280368;0,011371383;0,023380956;0,264297629;0,408891145;0,259047067;0;0
299;69012;0,025980989;0,006622037;0,011577697;0,023474178;0,271445546;0,409885237;0,251014316;0;0
300;69047;0,025084363;0,006647646;0,011455965;0,02451953;0,288528104;0,397873912;0,24589048;0;0
301;69235;0,026085073;0,006802918;0,011410414;0,024322958;0,280782841;0,398974507;0,25162129;0;0
302;69370;0,026409111;0,006962664;0,011489116;0,024304454;0,285238576;0,401153236;0,244442843;0;0
303;69418;0,025929874;0,006727362;0,011481172;0,024964707;0,296839436;0,392549483;0,241507966;0;0
304;69563;0,026565847;0,00658396;0,011414114;0,02509955;0,294294381;0,394361945;0,241680204;0;0
305;69718;0,027051837;0,006784475;0,011575203;0,024814252;0,293883932;0,386141312;0,249748989;0;0
306;69784;0,026682334;0,006720738;0,011592915;0,0254213;0,297131148;0,389616531;0,242835034;0;0
307;69855;0,026469115;0,006370339;0,011810178;0,025839238;0,294452795;0,391009949;0,244048386;0;0
308;69917;0,025916444;0,006750862;0,011585165;0,026402735;0,294606462;0,394367607;0,240370725;0;0
309;70316;0,027902611;0,00666989;0,011803857;0,02629558;0,290972183;0,392670232;0,243685648;0;0
310;70400;0,027713068;0,006846591;0,011789773;0,026960227;0,295014205;0,389730114;0,241946023;0;0
311;70487;0,027664676;0,007008385;0,011789408;0,026983699;0,299729028;0,381531346;0,245293458;0;0
312;70571;0,027716768;0,006858341;0,011888736;0,027036601;0,30458687;0,378809993;0,243102691;0;0
313;70676;0,027845379;0,00687645;0,011941819;0,027194521;0,306044485;0,379987549;0,240109797;0;0
314;70827;0,028647267;0,007101811;0,01177517;0,027503636;0,309655922;0,376706623;0,23860957;0;0
315;77984;0,076964506;0,033955683;0,029877924;0,025338531;0,267311243;0,345763233;0,22078888;0;0
316;71292;0,032528194;0,00705549;0,01190877;0,027408405;0,308071032;0,376395669;0,236632441;0;0
317;71115;0,02884061;0,007058989;0,012050903;0,027392252;0,306841032;0,379512058;0,238304155;0;0
318;71160;0,028274311;0,007321529;0,011973019;0,028344576;0,308670601;0,376517707;0,238898257;0;0
319;71246;0,028591079;0,007088117;0,012155068;0,028759509;0,313772001;0,370912051;0,238722174;0;0
320;71310;0,028369093;0,007081756;0,012228299;0,029196466;0,316407236;0,370228579;0,236488571;0;0
321;71415;0,028621438;0,007015333;0,012378352;0,029587622;0,319092628;0,370482392;0,232822236;0;0
322;71554;0,029292562;0,007029656;0,012396232;0,029474243;0,314797216;0,374542304;0,232467787;0;0
323;71638;0,029425724;0,007105168;0,012409615;0,029523437;0,315516904;0,378123342;0,227895809;0;0
324;71748;0,02997993;0,006927022;0,012334839;0,029673301;0,315311925;0,383481073;0,222291911;0;0
325;71818;0,029922861;0,006948119;0,012517753;0,029936785;0,318067894;0,3968086;0,205797989;0;0
326;71925;0,030045186;0,00713243;0,012526938;0,030323253;0,314563782;0,399666319;0,205742092;0;0
327;72027;0,030197009;0,007469421;0,012412012;0,03008594;0,308259403;0,399808405;0,211767809;0;0
328;72058;0,029795443;0,007341308;0,012711982;0,030378306;0,312539898;0,40468789;0,202545172;0;0
329;72126;0,02982281;0,007154147;0,012880237;0,031056762;0,312605718;0,413900674;0,192579652;0;0
330;72244;0,03013399;0,007530037;0,012679254;0,031213665;0,31361774;0,411978849;0,192846465;0;0
331;72340;0,030356649;0,00761681;0,012676251;0,031434891;0,316850981;0,406704451;0,194359967;0;0
332;72385;0,030061477;0,007625889;0,01264074;0,031774539;0,316584928;0,41233681;0,188975616;0;0
333;72477;0,030271672;0,007409247;0,012942037;0,032106737;0,315589773;0,41374505;0,187935483;0;0
334;72503;0,030178062;0,007337627;0,012992566;0,032771058;0,322524585;0,410562322;0,183633781;0;0
335;72740;0,03137201;0,007327468;0,012936486;0,032416827;0,320635139;0,411121804;0,184190267;0;0
336;72788;0,031516184;0,007487498;0,012763093;0,032903775;0,329834588;0,416703303;0,168791559;0;0
337;72686;0,029909474;0,007580552;0,013276284;0,033403957;0,343807611;0,425033707;0,146988416;0;0
338;72835;0,030589689;0,007290451;0,013317773;0,034022105;0,3466328;0,409130226;0,159016956;0;0
339;72876;0,030105933;0,007272627;0,013173061;0,034757671;0,353751578;0,408159065;0,152780065;0;0
340;72979;0,030488223;0,007248661;0,01326409;0,034653805;0,353937434;0,395004042;0,165403746;0;0
341;73043;0,030393056;0,007379215;0,013485207;0,035047849;0,357022576;0,399572854;0,157099243;0;0
342;73116;0,030554188;0,007330817;0,013635866;0,035423163;0,360988019;0,42894852;0,123119427;0;0
343;73207;0,030966984;0,007198765;0,013618916;0,03547475;0,360061196;0,421175571;0,131503818;0;0
344;73260;0,030903631;0,007166257;0,013827464;0,035899536;0,368632269;0,414550915;0,129019929;0;0
345;73458;0,032263334;0,007609791;0,013300117;0,035503281;0,362084456;0,426393313;0,122845708;0;0
346;73316;0,029857057;0,007515413;0,013980577;0,036854166;0,378089367;0,432511321;0,1011921;0;0
347;73400;0,030217984;0,007370572;0,013991826;0,036675749;0,378119891;0,413201635;0,120422343;0;0
348;73529;0,030994574;0,007316841;0,013885678;0,036434604;0,375742904;0,40530947;0,13031593;0;0
349;73596;0,030898418;0,007649872;0,013940975;0,037243872;0,37909669;0,412889287;0,118280885;0;0
350;73755;0,031970714;0,007836757;0,013829571;0,037122907;0,372354417;0,414927802;0,121957833;0;0
351;73751;0,031172459;0,007796504;0,014115063;0,0377622;0,379181299;0,423831541;0,106140934;0;0
352;73820;0,031238147;0,007951775;0,014142509;0,038187483;0,381644541;0,423381198;0,103454348;0;0
353;73878;0,031213622;0,007904924;0,014402122;0,038807223;0,380641057;0,42467311;0,102357941;0;0
354;73945;0,031401717;0,00796538;0,014267361;0,039367097;0,383866387;0,432524173;0,090607884;0;0
355;74104;0,032427399;0,008191191;0,014277232;0,039255641;0,376443917;0,426927021;0,102477599;0;0
356;73994;0,030718707;0,007851988;0,014649836;0,040841149;0,387193556;0,446090224;0,07265454;0;0
357;74181;0,032083687;0,007940039;0,014572465;0,04011809;0,377306858;0,444574756;0,083404106;0;0
358;74239;0,032018211;0,008203235;0,01457455;0,040315737;0,377712523;0,444362128;0,082813615;0;0
359;74251;0,031703277;0,007797875;0,014989697;0,040901806;0,383698536;0,45400062;0,06690819;0;0
360;74335;0,03212484;0,007923589;0,014770969;0,041245712;0,382282908;0,442052869;0,079599112;0;0
361;74356;0,031712303;0,007881005;0,014780246;0,042323417;0,386653397;0,447455484;0,069194147;0;0
362;74481;0,032491508;0,007840926;0,01479572;0,04234637;0,384594729;0,462842873;0,055087875;0;0
363;74606;0,033201083;0,008055652;0,014730719;0,041900115;0,380478782;0,454320028;0,067313621;0;0
364;74570;0,032171114;0,008099772;0,014992624;0,04295293;0,390626257;0,465401636;0,045755666;0;0
365;74637;0,032530782;0,007703954;0,015287324;0,043611078;0,392660477;0,485590257;0,022616129;0;0
366;74789;0,033694795;0,007567958;0,015296367;0,043428846;0,389442298;0,471352739;0,039216997;0;0
367;74736;0,032005994;0,007640227;0,015400878;0,045667416;0,395699529;0,478537786;0,02504817;0;0
368;74710;0,031468344;0,007843662;0,015513318;0,046098247;0,403065185;0,483937893;0,01207335;0;0
369;74861;0,032660531;0,007747692;0,01560225;0,045470939;0,396949012;0,479568801;0,022000775;0;0
370;74907;0,032493625;0,007863084;0,015832966;0,045790113;0,401003912;0,477872562;0,019143738;0;0
371;74957;0,032431928;0,007831157;0,016035861;0,046613392;0,405419107;0,478727804;0,012940753;0;0
372;74988;0,032178482;0,007934603;0,016082573;0,04712754;0,406531712;0,480116819;0,010028271;0;0
373;75073;0,032674863;0,007832376;0,015971121;0,047460472;0,405525289;0,473325963;0,017209916;0;0
374;75134;0,032714883;0,007972423;0,015918226;0,047688131;0,406899673;0,474791705;0,01401496;0;0
375;75295;0,033973039;0,007968657;0,015924032;0,047254134;0,396002391;0,472156186;0,026721562;0;0
376;75243;0,032826974;0,008146937;0,01605465;0,048828462;0,397419029;0,47199075;0,024733198;0;0
377;75304;0,033092532;0,008020822;0,016134601;0,048204611;0,401824604;0,474304154;0,018418676;0;0
378;75361;0,033067502;0,008107642;0,016507212;0,048977588;0,401825878;0,475152931;0,016361248;0;0
379;75430;0,033381944;0,007941137;0,016545141;0,049184675;0,401789739;0,476733395;0,014423969;0;0
380;75495;0,033406186;0,008132989;0,016689847;0,049990066;0,401589509;0,483475727;0,006715677;0;0
381;75568;0,033559178;0,008323629;0,016594326;0,050246136;0,401479462;0,481500106;0,008297163;0;0
382;75865;0,03464048;0,010426415;0,016634812;0,050220787;0,400632703;0,480827786;0,006617017;0;0
383;76076;0,035346233;0,011751406;0,016706977;0,050541564;0,399679268;0,480177717;0,005796835;0;0
384;75771;0,034379908;0,008420108;0,016972193;0,051286112;0,404679891;0,477293424;0,006968365;0;0
385;75857;0,034736412;0,008239187;0,01719024;0,051227968;0,402296426;0,474023492;0,012286275;0;0
386;75854;0,034131358;0,008199963;0,017441401;0,052205553;0,404869882;0,475611042;0,007540802;0;0
387;75891;0,033982949;0,008169612;0,017656903;0,052377752;0,401773596;0,479767034;0,006272153;0;0
388;75935;0,033976427;0,008257062;0,017910055;0,053177059;0,406400211;0,477816554;0,002462633;0;0
389;75943;0,033577815;0,00838787;0,017908168;0,054198544;0,41172985;0,4731575;0,001040254;0;0
390;76027;0,034119458;0,008378602;0,017796309;0,054375419;0,413484683;0,470937956;0,000907572;0;0
391;76085;0,034303739;0,008332786;0,017927318;0,054465401;0,415574686;0,467924032;0,001472038;0;0
392;76158;0,034599123;0,008219754;0,018212138;0,054491977;0,414743034;0,468407784;0,00132619;0;0
393;76219;0,034833834;0,008200055;0,018171322;0,055340532;0,414791587;0,467140739;0,00152193;0;0
394;76318;0,035365183;0,008281139;0,018121544;0,055412878;0,411148091;0,469587777;0,002083388;0;0
395;76378;0,035507607;0,008497211;0,018081123;0,056010893;0,415250465;0,464453115;0,002199586;0;0
396;76397;0,035158449;0,008573635;0,018312237;0,056887051;0,420134298;0,458918544;0,002015786;0;0
397;76343;0,033991329;0,008697589;0,01842998;0,058237166;0,420300486;0,458352436;0,001991014;0;0
398;76436;0,034564865;0,00866084;0,018512219;0,05821864;0,421202051;0,4570752;0,001766183;0;0
399;76556;0,035398924;0,008738701;0,01847014;0,057748576;0,413462041;0,464379017;0,001802602;0;0
400;76594;0,035368306;0,008616863;0,018682926;0,058229104;0,415136956;0,462425255;0,001540591;0;0
401;76632;0,035324669;0,008638689;0,018856352;0,058774402;0,41848053;0,459064099;0,000861259;0;0
402;76607;0,034579085;0,008706776;0,018966935;0,060112;0,42630569;0,451329513;0;0;0
403;76742;0,035534649;0,008782674;0,018855386;0,0601105;0,420486826;0,456151781;7,82E-05;0;0
404;76760;0,035304846;0,008663366;0,01920271;0,060891089;0,425586243;0,450156331;0,000195414;0;0
405;76856;0,036028417;0,008652545;0,019100656;0,060867076;0,4236234;0,45118143;0,000546477;0;0
406;76891;0,035894968;0,008765655;0,019326059;0,061645706;0,426369796;0,447451587;0,000546228;0;0
407;77011;0,036747997;0,008868863;0,019088182;0,061510693;0,424627651;0,448247653;0,000908961;0;0
408;76908;0,035171894;0,008711707;0,019958912;0,06290633;0,431788631;0,440929422;0,000533104;0;0
409;76958;0,035343954;0,008563112;0,020205827;0,063489176;0,433937992;0,437979157;0,000480782;0;0
410;77019;0,035510718;0,008712136;0,020267726;0,064412677;0,436554616;0,433724146;0,00081798;0;0
411;77003;0,034894744;0,008765892;0,020466735;0,06617924;0,444930717;0,424593847;0,000168825;0;0
412;77133;0,036015713;0,008686295;0,020237771;0,065938055;0,442093527;0,426600806;0,000427832;0;0
413;77140;0,035623542;0,008724397;0,020560021;0,06652839;0,444814623;0,423658284;9,07E-05;0;0
414;77485;0,038175131;0,008814609;0,020391043;0,06473511;0,427037491;0,44074337;0,000103246;0;0
415;77580;0,038824439;0,008739366;0,020482083;0,064758958;0,425998969;0,441196185;0;0;0
416;77442;0,037021255;0,00862581;0,021151313;0,066992071;0,439064074;0,427145477;0;0;0
417;77444;0,036581272;0,008715975;0,021176592;0,068217034;0,442048448;0,423260679;0;0;0
418;77617;0,037800997;0,008889805;0,021013438;0,066879678;0,434221884;0,431194197;0;0;0
419;77533;0,036474791;0,008886539;0,021590806;0,069106058;0,441966646;0,421975159;0;0;0
420;77580;0,036568703;0,008919825;0,021551946;0,069721578;0,44198247;0,421255478;0;0;0
421;77663;0,036980287;0,009154939;0,021683427;0,06942817;0,440492899;0,422260278;0;0;0
422;77704;0,037166684;0,009175847;0,02159477;0,070137959;0,440916813;0,421007928;0;0;0
423;77767;0,037458048;0,008975529;0,022053056;0,070428331;0,442437023;0,418648013;0;0;0
424;77826;0,03759669;0,009122915;0,02215198;0,070901755;0,441728985;0,418497674;0;0;0
425;77853;0,037583651;0,008965615;0,022298434;0,071879054;0,445647567;0,413625679;0;0;0
426;77905;0,037597073;0,009254862;0,02245042;0,071972274;0,4483666;0,41035877;0;0;0
427;77954;0,037470816;0,00947995;0,022320856;0,072863484;0,448815968;0,409048926;0;0;0
428;77971;0,037295918;0,009323979;0,022469893;0,073488861;0,446319786;0,411101563;0;0;0
429;78020;0,037285311;0,009510382;0,022648039;0,07389131;0,448923353;0,407741605;0;0;0
430;78107;0,037922337;0,009627818;0,022533192;0,073373705;0,450766257;0,405776691;0;0;0
431;78111;0,037638745;0,009576116;0,022941711;0,074714189;0,451882577;0,403246662;0;0;0
432;78158;0,037872003;0,009480795;0,023094245;0,075385757;0,454579186;0,399588014;0;0;0
433;78423;0,040217793;0,009627278;0,022786682;0,073473343;0,441885671;0,411639443;0,000369789;0;0
434;78328;0,03882392;0,009562353;0,02337606;0,075694515;0,449098662;0,40344449;0;0;0
435;78344;0,038560707;0,009662514;0,02353722;0,076981007;0,452185234;0,399073318;0;0;0
436;78379;0,038645556;0,009658199;0,023730846;0,077533523;0,453692953;0,396738922;0;0;0
437;78499;0,039401776;0,009885476;0,023605396;0,077848125;0,451700022;0,397559205;0;0;0
438;78455;0,038569881;0,009840036;0,023848066;0,078949716;0,452488688;0,396303614;0;0;0
439;78429;0,038047151;0,009754045;0,024251234;0,080187176;0,45819786;0,389562534;0;0;0
440;78499;0,038293481;0,009885476;0,024242347;0,080701665;0,458553612;0,388323418;0;0;0
441;78519;0,03824552;0,009946637;0,024414473;0,081598085;0,463900457;0,381894828;0;0;0
442;78644;0,039151111;0,009841819;0,024388383;0,080705458;0,459628198;0,386285031;0;0;0
443;78716;0,039509121;0,009947152;0,024429595;0,081088978;0,461215001;0,383810153;0;0;0
444;78697;0,039061209;0,00979707;0,024981893;0,082264889;0,468061044;0,375833895;0;0;0
445;78802;0,039795944;0,009860156;0,024872465;0,082041065;0,46550849;0,37792188;0;0;0
446;78770;0,03907579;0,009965723;0,025288816;0,083420084;0,472349879;0,369899708;0;0;0
447;78836;0,039448983;0,010046172;0,02509006;0,084047897;0,469544371;0,371822518;0;0;0
448;78900;0,039721166;0,010038023;0,02531052;0,083219265;0,465247148;0,376463878;0;0;0
449;78869;0,039166212;0,009902497;0,025852997;0,084786164;0,472048587;0,368243543;0;0;0
450;78861;0,038726367;0,009941543;0,025957064;0,086582721;0,478347979;0,360444326;0;0;0
451;78906;0,038805668;0,010176666;0,025929587;0,087648595;0,482092617;0,355346868;0;0;0
452;79094;0,040281184;0,010177763;0,025792095;0,086100083;0,473499886;0,364148987;0;0;0
453;79108;0,04019821;0,010036912;0,026280528;0,087171967;0,474768671;0,361543712;0;0;0
454;79125;0,040139021;0,009870458;0,02664139;0,08743128;0,474780411;0,361137441;0;0;0
455;79145;0,039977257;0,009918504;0,027013709;0,087750332;0,4768842;0,358455998;0;0;0
456;79255;0,040666204;0,010056148;0,026913129;0,087136458;0,47566715;0,359560911;0;0;0
457;79347;0,041299608;0,010031885;0,026869321;0,087060632;0,473363832;0,361374721;0;0;0
458;79200;0,039494949;0,01;0,027689394;0,090037879;0,482474747;0,35030303;0;0;0
459;79132;0,038366274;0,010349795;0,028079664;0,091897083;0,491469949;0,339837234;0;0;0
460;79249;0,039205542;0,010384989;0,028038209;0,091092632;0,487779026;0,343499603;0;0;0
461;79296;0,03938408;0,010353612;0,028072034;0,091089084;0,486783697;0,344317494;0;0;0
462;79287;0,038921891;0,010417849;0,028453593;0,091692207;0,491354194;0,339160266;0;0;0
463;79360;0,039301915;0,010408266;0,028729839;0,092489919;0,49827369;0,330796371;0;0;0
464;79418;0,039575411;0,010337707;0,028645899;0,092800121;0,49866529;0,329975572;0;0;0
465;79436;0,039251725;0,010448663;0,028991893;0,092716149;0,504368296;0,324223274;0;0;0
466;79498;0,039636217;0,010578882;0,028981861;0,093889154;0,508729779;0,318184105;0;0;0
467;79489;0,039162651;0,010605241;0,029287071;0,095057178;0,513341469;0,31254639;0;0;0
468;79507;0,039103475;0,010590262;0,029846429;0,095450715;0,510936144;0,314072975;0;0;0
469;79511;0,038673894;0,01079096;0,029945542;0,096326294;0,518393681;0,305869628;0;0;0
470;79708;0,040297084;0,010889748;0,029444974;0,094457269;0,514942038;0,309968886;0;0;0
471;79709;0,04003312;0,01086452;0,029758246;0,096149745;0,520443112;0,302751258;0;0;0
472;79781;0,040435693;0,010917386;0,029982076;0,096238453;0,519309109;0,303117284;0;0;0
473;79816;0,040367846;0,01111306;0,03016939;0,097085797;0,522025659;0,299238248;0;0;0
474;79897;0,041002791;0,010876503;0,030314029;0,097175113;0,520007009;0,300624554;0;0;0
475;79933;0,040971814;0,011034241;0,030437992;0,09745662;0,52581537;0,294283963;0;0;0
476;79997;0,041351551;0,011100416;0,030538645;0,097403653;0,528244809;0,291360926;0;0;0
477;80038;0,041455309;0,011057248;0,030647942;0,097866014;0,534970889;0,284002599;0;0;0
478;80082;0,041582378;0,011013711;0,031005719;0,098374166;0,539222297;0,278801728;0;0;0
479;80042;0,040803578;0,011119162;0,031133655;0,099460283;0,548112241;0,26937108;0;0;0
480;80131;0,041394716;0,011256567;0,03126131;0,099961313;0,544907714;0,27121838;0;0;0
481;80109;0,040906765;0,011272142;0,031906527;0,102485364;0,563582119;0,249847083;0;0;0
482;80191;0,041438565;0,011322966;0,031948722;0,103228542;0,550710179;0,261351024;0;0;0
483;80254;0,041792309;0,01136392;0,03214793;0,103571162;0,541007302;0,270117377;0;0;0
484;80321;0,04220565;0,011429141;0,032058864;0,103659068;0,535451501;0,275195777;0;0;0
485;80323;0,041856006;0,011379057;0,032643203;0,104602667;0,545721649;0,263797418;0;0;0
486;80344;0,041919745;0,011264065;0,033082744;0,105608384;0,552399681;0,255725381;0;0;0
487;80437;0,042480451;0,011375362;0,032820717;0,104404689;0,554657682;0,254261099;0;0;0
488;80509;0,042902036;0,01137761;0,032493262;0,104274056;0,543007614;0,265945422;0;0;0
489;80398;0,041468693;0,011530138;0,033035648;0,106507625;0,556941715;0,250516182;0;0;0
490;80376;0,040982383;0,01150841;0,033617;0,108104409;0,555476759;0,250311038;0;0;0
491;80394;0,040799065;0,011518273;0,033783616;0,108192154;0,561161281;0,244545613;0;0;0
492;80488;0,041372627;0,011703608;0,033744161;0,109718219;0,554915018;0,248546367;0;0;0
493;80545;0,041728226;0,011608418;0,034055497;0,10880874;0,556223229;0,247575889;0;0;0
494;80580;0,041908662;0,011367585;0,034636386;0,109530901;0,561268305;0,241288161;0;0;0
495;80675;0,042491478;0,011317013;0,034967462;0,110517509;0,559318252;0,241388286;0;0;0
496;80744;0,04295056;0,011418805;0,034888041;0,11215694;0,556536709;0,242048945;0;0;0
497;80914;0,044269224;0,01154312;0,034048496;0,111538176;0,550226166;0,248374818;0;0;0
498;80871;0,043501379;0,0114627;0,034264446;0,11283402;0,553746089;0,244191366;0;0;0
499;80795;0,04250263;0,011448728;0,03477938;0,113942694;0,562646203;0,234680364;0;0;0
500;80780;0,041990592;0,011450854;0,035850458;0,11578361;0,569138401;0,225786086;0;0;0
501;80818;0,042168824;0,011507337;0,036142938;0,115357965;0,575119404;0,219703531;0;0;0
502;81014;0,043609746;0,011652307;0,034907547;0,114511072;0,554768312;0,240551016;0;0;0
503;80960;0,042910079;0,011635375;0,035227273;0,11541502;0,572245553;0,2225667;0;0;0
504;81035;0,043326957;0,011624607;0,035392115;0,115258839;0,58114395;0,213253532;0;0;0
505;81042;0,043138126;0,01167296;0,035919647;0,116791293;0,589965697;0,202512278;0;0;0
506;81049;0,042949327;0,011721304;0,036545793;0,117694234;0,598970993;0,192118348;0;0;0
507;81093;0,042987681;0,011961575;0,037167203;0,117334419;0,600298423;0,1902507;0;0;0
508;81247;0,044235479;0,011988135;0,036505963;0,116792005;0,592144941;0,198333477;0;0;0
509;81177;0,043288123;0,011912241;0,037239612;0,116720253;0,597016396;0,193823374;0;0;0
510;81148;0,042786021;0,011879529;0,037881402;0,118499532;0,594444718;0,194508799;0;0;0
511;81276;0,043641419;0,011910035;0,037624883;0,117304001;0,583850091;0,20566957;0;0;0
512;81299;0,043579872;0,011931266;0,03768804;0,118660746;0,58835902;0,199781055;0;0;0
513;81380;0,044003441;0,011993119;0,037711969;0,118481199;0,595097075;0,192713197;0;0;0
514;81464;0,044547285;0,01206668;0,037685358;0,119034175;0,590923598;0,195742905;0;0;0
515;81554;0,04528288;0,012065625;0,037864482;0,119920543;0,581749516;0,203116953;0;0;0
516;81570;0,04502881;0,012124556;0,038347432;0,120828736;0,587054064;0,196616403;0;0;0
517;81518;0,044284698;0,012254962;0,038531367;0,122439216;0,588471258;0,194018499;0;0;0
518;81518;0,043978017;0,012402169;0,03873991;0,123849947;0,589317697;0,19171226;0;0;0
519;81541;0,043928821;0,012374143;0,039035577;0,123508419;0,583215806;0,197937234;0;0;0
520;81545;0,043804035;0,012324483;0,039168557;0,126408731;0,586522779;0,191771415;0;0;0
521;81659;0,044575613;0,012393;0,03910163;0,125007654;0,57542953;0,203492573;0;0;0
522;81590;0,043669567;0,012452506;0,039784287;0,127564653;0,579274421;0,197254566;0;0;0
523;81678;0,044210191;0,012414604;0,039692451;0,12752516;0,576568966;0,199588629;0;0;0
524;81777;0,04506157;0,012277291;0,039852281;0,127700943;0,573107353;0,202000563;0;0;0
525;81804;0,044814435;0,012554398;0,039826903;0,128636741;0,576829984;0,197337539;0;0;0
526;81788;0,044358586;0,012605761;0,040335991;0,12932215;0,581894654;0,191482858;0;0;0
527;81781;0,044081144;0,012582385;0,040388354;0,131179614;0,582262384;0,18950612;0;0;0
528;81946;0,045505577;0,012642472;0,040062968;0,129939228;0,584726527;0,187123227;0;0;0
529;81889;0,044767918;0,012663483;0,040933459;0,130908913;0,590286852;0,180439375;0;0;0
530;81890;0,044413237;0,012822078;0,041665649;0,131627793;0,586774942;0,1826963;0;0;0
531;81955;0,044841681;0,012787505;0,041657007;0,130962113;0,586333964;0,183417729;0;0;0
532;81998;0,044879143;0,012878363;0,041549794;0,131100759;0,582843484;0,186748457;0;0;0
533;82045;0,045072826;0,012736913;0,041916022;0,13123286;0,58210738;0,186934;0;0;0
534;82138;0,045740096;0,012819888;0,041515498;0,131108622;0,586829482;0,181986413;0;0;0
535;82158;0,045607245;0,012914141;0,041578422;0,132427761;0,590849339;0,176623092;0;0;0
536;82231;0,046162639;0,012902677;0,041675281;0,132772312;0,584755141;0,18173195;0;0;0
537;82180;0,045278657;0,013105378;0,042625943;0,133730835;0,590399124;0,174860063;0;0;0
538;82212;0,045370506;0,013015132;0,042949934;0,132133995;0,60364667;0,162883764;0;0;0
539;82250;0,045276596;0,013045593;0,042881459;0,133337386;0,600474164;0,164984802;0;0;0
540;82284;0,045537407;0,013040202;0,043410627;0,133549657;0,605621992;0,158840115;0;0;0
541;82339;0,045701308;0,013165086;0,043163021;0,134541347;0,610391188;0,15303805;0;0;0
542;82390;0,045782255;0,013399684;0,043743173;0,136703483;0,605097706;0,155273698;0;0;0
543;82418;0,045912301;0,013443665;0,044334975;0,137215171;0,604516004;0,154577883;0;0;0
544;82599;0,047325028;0,013414206;0,044092543;0,136430223;0,582089372;0,176648628;0;0;0
545;82867;0,049114847;0,013358756;0,044517118;0,134878782;0,575729784;0,182400714;0;0;0
546;83083;0,050949051;0,013408278;0,043944008;0,133288398;0,565350312;0,193059952;0;0;0
547;82693;0,046981002;0,013471515;0,046074033;0,138657444;0,58701462;0,167801386;0;0;0
548;82757;0,047391761;0,013509431;0,046292157;0,13803062;0,597979627;0,156796404;0;0;0
549;82662;0,046188091;0,013754809;0,047107498;0,141528151;0,607522199;0,143899252;0;0;0
550;82785;0,047049586;0,01378269;0,047279096;0,140496467;0,601002597;0,150389563;0;0;0
551;82862;0,04759721;0,013697473;0,047102411;0,140546933;0,599551061;0,151504912;0;0;0
552;82865;0,04735413;0,013672841;0,0477403;0,14129005;0,60581669;0,144125988;0;0;0
553;82933;0,047749388;0,013878673;0,047616751;0,142090603;0,612060338;0,136604247;0;0;0
554;83013;0,048257502;0,013913483;0,047631094;0,141062243;0,61545782;0,133677858;0;0;0
555;83009;0,047934561;0,014094857;0,047814092;0,14265923;0,62402872;0,12346854;0;0;0
556;83008;0,04764601;0,01408298;0,048441114;0,142588666;0,625626446;0,121614784;0;0;0
557;83081;0,04809764;0,014094679;0,048783717;0,142451343;0,626352596;0,120220026;0;0;0
558;82986;0,046995879;0,014375919;0,049996385;0,143698937;0,636685706;0,108247174;0;0;0
559;83048;0,047370196;0,014389269;0,050236008;0,144843946;0,635174839;0,107985743;0;0;0
560;83093;0,047597271;0,014477754;0,050822572;0,146390189;0,63490306;0,105809154;0;0;0
561;83124;0,04761561;0,014616717;0,051068284;0,147310043;0,634437708;0,104951639;0;0;0
562;83296;0,049150019;0,014298406;0,050734729;0,145241068;0,631554937;0,109020841;0;0;0
563;83323;0,04911009;0,014377783;0,051186347;0,145170001;0,631722334;0,108433446;0;0;0
564;83204;0,047870295;0,014446421;0,052533532;0,148790924;0,64560598;0,090752848;0;0;0
565;83398;0,049317729;0,014340871;0,052135543;0,146298472;0,653636778;0,084270606;0;0;0
566;83268;0,047737426;0,014627468;0,053177691;0,148388336;0,66496133;0,071107748;0;0;0
567;83391;0,048746268;0,014641868;0,052595604;0,148361334;0,653187994;0,082466933;0;0;0
568;83298;0,047648203;0,014778266;0,053578717;0,151276141;0,655898101;0,076820572;0;0;0
569;83381;0,048128471;0,01489548;0,053657308;0,150777755;0,657379979;0,075161008;0;0;0
570;83378;0,047866344;0,014908009;0,054390847;0,152522248;0,663292475;0,067020077;0;0;0
571;83440;0,048142378;0,015112656;0,054458293;0,153080058;0,65740652;0,071800096;0;0;0
572;83486;0,048415303;0,015020482;0,054715761;0,154325276;0,652935822;0,074587356;0;0;0
573;83588;0,048906542;0,015109824;0,054517395;0,153790018;0,645786477;0,081889745;0;0;0
574;83607;0,049003074;0,015190116;0,054899709;0,155190355;0,64284091;0,082875836;0;0;0
575;83717;0,049786782;0,015122377;0,054935079;0,154257797;0,635187596;0,090710369;0;0;0
576;83656;0,049070001;0,015133403;0,055991202;0,156976188;0,64053983;0,082289376;0;0;0
577;83742;0,049568914;0,015129803;0,055647107;0,155967137;0,633194813;0,090492226;0;0;0
578;83643;0,048455938;0,015243356;0,056250971;0,159834057;0,640388317;0,079827362;0;0;0
579;83741;0,048900777;0,015595706;0,056185142;0,158440907;0,640259849;0,080617619;0;0;0
580;83758;0,048890852;0,015544784;0,057116932;0,160163805;0,645562215;0,072721412;0;0;0
581;83807;0,049017385;0,015714678;0,057167062;0,159950839;0,644027349;0,074122687;0;0;0
